Question ID (machine readable),Response ID (machine readable),Response value,Answer requirement,Human-friendly question label
PSL_DATA_COLLECTION_COLLECTS_PERSONAL_DATA,,,REQUIRED,A sua app recolhe ou partilha algum dos tipos de dados do utilizador necessários?
PSL_DATA_COLLECTION_ENCRYPTED_IN_TRANSIT,,,MAYBE_REQUIRED,Todos os dados do utilizador recolhidos pela sua app são encriptados quando estão em trânsito?
PSL_SUPPORTED_ACCOUNT_CREATION_METHODS,PSL_ACM_USER_ID_PASSWORD,,MULTIPLE_CHOICE,Qual dos seguintes métodos de criação de contas é compatível com a sua app? Selecione todas as opções aplicáveis/Nome de utilizador e palavra-passe
PSL_SUPPORTED_ACCOUNT_CREATION_METHODS,PSL_ACM_USER_ID_OTHER_AUTH,,MULTIPLE_CHOICE,Qual dos seguintes métodos de criação de contas é compatível com a sua app? Selecione todas as opções aplicáveis/Nome de utilizador e outra autenticação
PSL_SUPPORTED_ACCOUNT_CREATION_METHODS,PSL_ACM_USER_ID_PASSWORD_OTHER_AUTH,,MULTIPLE_CHOICE,"Qual dos seguintes métodos de criação de contas é compatível com a sua app? Selecione todas as opções aplicáveis/Nome de utilizador, palavra-passe e outra autenticação"
PSL_SUPPORTED_ACCOUNT_CREATION_METHODS,PSL_ACM_OAUTH,,MULTIPLE_CHOICE,Qual dos seguintes métodos de criação de contas é compatível com a sua app? Selecione todas as opções aplicáveis/OAuth
PSL_SUPPORTED_ACCOUNT_CREATION_METHODS,PSL_ACM_OTHER,,MULTIPLE_CHOICE,Qual dos seguintes métodos de criação de contas é compatível com a sua app? Selecione todas as opções aplicáveis/Outro
PSL_SUPPORTED_ACCOUNT_CREATION_METHODS,PSL_ACM_NONE,,MULTIPLE_CHOICE,Qual dos seguintes métodos de criação de contas é compatível com a sua app? Selecione todas as opções aplicáveis/A minha app não permite que os utilizadores criem uma conta
PSL_ACM_SPECIFY,,,MAYBE_REQUIRED,Descreva o método de criação da conta suportado pela sua app
PSL_ACCOUNT_DELETION_URL,,,MAYBE_REQUIRED,Adicione um link que os utilizadores podem usar para pedir a eliminação da respetiva conta e dos dados associados 
PSL_SUPPORT_DATA_DELETION_BY_USER,DATA_DELETION_YES,,SINGLE_CHOICE,Disponibiliza uma forma de os utilizadores solicitarem a eliminação dos respetivos dados?/Sim
PSL_SUPPORT_DATA_DELETION_BY_USER,DATA_DELETION_NO,,SINGLE_CHOICE,Disponibiliza uma forma de os utilizadores solicitarem a eliminação dos respetivos dados?/Não
PSL_SUPPORT_DATA_DELETION_BY_USER,DATA_DELETION_NO_AUTO_DELETED,,SINGLE_CHOICE,"Disponibiliza uma forma de os utilizadores solicitarem a eliminação dos respetivos dados?/Não, mas os dados do utilizador são eliminados automaticamente no prazo de 90 dias"
PSL_DATA_DELETION_URL,,,MAYBE_REQUIRED,URL de eliminação de dados
PSL_DATA_COLLECTION_COMPLIES_FAMILY_POLICY,,,OPTIONAL,"Responda a esta pergunta apenas se tiver indicado que a faixa etária de segmentação da sua app inclui crianças ou se tiver optado pelo programa Concebido para Famílias. Se uma das condições acima for verdadeira, tem de seguir a Política para Famílias do Google Play (https://support.google.com/googleplay/android-developer/answer/9893335). Quer informar os utilizadores acerca deste compromisso na Secção Segurança dos dados na sua Ficha da loja?"
PSL_INDEPENDENTLY_VALIDATED,,,OPTIONAL,"A sua app concluiu com êxito uma verificação de segurança independente, de acordo com o framework de Avaliação da segurança para aplicações para dispositivos móveis (MASA)? Responda ""sim"" apenas se a verificação estiver em conformidade."
PSL_UPI_BADGE_OPT_IN,,,OPTIONAL,Quer apresentar este emblema na sua Ficha da loja?
PSL_HAS_OUTSIDE_APP_ACCOUNTS,,,OPTIONAL,Os utilizadores podem iniciar sessão na sua app com contas criadas fora da app?
PSL_OUTSIDE_APP_ACCOUNT_TYPES,PSL_LOGIN_WITH_OUTSIDE_APP_ID,,MULTIPLE_CHOICE,"Como são criadas estas contas?/Identificação fora da app (por exemplo, vinculação de SIM ou subscrição de serviço)"
PSL_OUTSIDE_APP_ACCOUNT_TYPES,PSL_LOGIN_THROUGH_EMPLOYMENT_OR_ENTERPRISE_ACCOUNT,,MULTIPLE_CHOICE,Como são criadas estas contas?/Através de contas empresariais ou de trabalho
PSL_OUTSIDE_APP_ACCOUNT_TYPES,PSL_OUTSIDE_APP_ACCOUNT_TYPE_OTHER,,MULTIPLE_CHOICE,Como são criadas estas contas?/Outro
PSL_OUTSIDE_APP_ACCOUNT_TYPE_SPECIFY,,,MAYBE_REQUIRED,Descreva como são criadas estas contas
PSL_DATA_TYPES_PERSONAL,PSL_NAME,,MULTIPLE_CHOICE,Informações pessoais/Nome
PSL_DATA_TYPES_PERSONAL,PSL_EMAIL,,MULTIPLE_CHOICE,Informações pessoais/Endereço de email
PSL_DATA_TYPES_PERSONAL,PSL_USER_ACCOUNT,,MULTIPLE_CHOICE,Informações pessoais/IDs de utilizador
PSL_DATA_TYPES_PERSONAL,PSL_ADDRESS,,MULTIPLE_CHOICE,Informações pessoais/Endereço
PSL_DATA_TYPES_PERSONAL,PSL_PHONE,,MULTIPLE_CHOICE,Informações pessoais/Número de telefone
PSL_DATA_TYPES_PERSONAL,PSL_RACE_ETHNICITY,,MULTIPLE_CHOICE,Informações pessoais/Raça e etnia
PSL_DATA_TYPES_PERSONAL,PSL_POLITICAL_RELIGIOUS,,MULTIPLE_CHOICE,Informações pessoais/Crenças políticas ou religiosas
PSL_DATA_TYPES_PERSONAL,PSL_SEXUAL_ORIENTATION_GENDER_IDENTITY,,MULTIPLE_CHOICE,Informações pessoais/Orientação sexual
PSL_DATA_TYPES_PERSONAL,PSL_OTHER_PERSONAL,,MULTIPLE_CHOICE,Informações pessoais/Outras informações
PSL_DATA_TYPES_FINANCIAL,PSL_CREDIT_DEBIT_BANK_ACCOUNT_NUMBER,,MULTIPLE_CHOICE,Informações financeiras/Informações de pagamento do utilizador
PSL_DATA_TYPES_FINANCIAL,PSL_PURCHASE_HISTORY,,MULTIPLE_CHOICE,Informações financeiras/Histórico de compras
PSL_DATA_TYPES_FINANCIAL,PSL_CREDIT_SCORE,,MULTIPLE_CHOICE,Informações financeiras/Pontuação de crédito
PSL_DATA_TYPES_FINANCIAL,PSL_OTHER,,MULTIPLE_CHOICE,Informações financeiras/Outras informações financeiras
PSL_DATA_TYPES_LOCATION,PSL_APPROX_LOCATION,,MULTIPLE_CHOICE,Local/Localização aproximada
PSL_DATA_TYPES_LOCATION,PSL_PRECISE_LOCATION,,MULTIPLE_CHOICE,Local/Localização exata
PSL_DATA_TYPES_SEARCH_AND_BROWSING,PSL_WEB_BROWSING_HISTORY,,MULTIPLE_CHOICE,Navegação na Web/Histórico de navegação na Web
PSL_DATA_TYPES_EMAIL_AND_TEXT,PSL_EMAILS,,MULTIPLE_CHOICE,Mensagens/Emails
PSL_DATA_TYPES_EMAIL_AND_TEXT,PSL_SMS_CALL_LOG,,MULTIPLE_CHOICE,Mensagens/SMS ou MMS
PSL_DATA_TYPES_EMAIL_AND_TEXT,PSL_OTHER_MESSAGES,,MULTIPLE_CHOICE,Mensagens/Outras mensagens na app
PSL_DATA_TYPES_PHOTOS_AND_VIDEOS,PSL_PHOTOS,,MULTIPLE_CHOICE,Fotos e vídeos/Fotos
PSL_DATA_TYPES_PHOTOS_AND_VIDEOS,PSL_VIDEOS,,MULTIPLE_CHOICE,Fotos e vídeos/Vídeos
PSL_DATA_TYPES_AUDIO,PSL_AUDIO,,MULTIPLE_CHOICE,Ficheiros de áudio/Gravações de voz ou de som
PSL_DATA_TYPES_AUDIO,PSL_MUSIC,,MULTIPLE_CHOICE,Ficheiros de áudio/Ficheiros de música
PSL_DATA_TYPES_AUDIO,PSL_OTHER_AUDIO,,MULTIPLE_CHOICE,Ficheiros de áudio/Outros ficheiros de áudio
PSL_DATA_TYPES_HEALTH_AND_FITNESS,PSL_HEALTH,,MULTIPLE_CHOICE,Saúde e fitness/Informações de saúde
PSL_DATA_TYPES_HEALTH_AND_FITNESS,PSL_FITNESS,,MULTIPLE_CHOICE,Saúde e fitness/Informações de fitness
PSL_DATA_TYPES_CONTACTS,PSL_CONTACTS,,MULTIPLE_CHOICE,Contactos/Contactos
PSL_DATA_TYPES_CALENDAR,PSL_CALENDAR,,MULTIPLE_CHOICE,Calendário/Eventos do calendário
PSL_DATA_TYPES_APP_PERFORMANCE,PSL_CRASH_LOGS,,MULTIPLE_CHOICE,Desempenho e informações da app/Registos de falhas
PSL_DATA_TYPES_APP_PERFORMANCE,PSL_PERFORMANCE_DIAGNOSTICS,,MULTIPLE_CHOICE,Desempenho e informações da app/Diagnósticos
PSL_DATA_TYPES_APP_PERFORMANCE,PSL_OTHER_PERFORMANCE,,MULTIPLE_CHOICE,Desempenho e informações da app/Outros dados de desempenho da app
PSL_DATA_TYPES_FILES_AND_DOCS,PSL_FILES_AND_DOCS,,MULTIPLE_CHOICE,Ficheiros e documentos/Ficheiros e documentos
PSL_DATA_TYPES_APP_ACTIVITY,PSL_USER_INTERACTION,,MULTIPLE_CHOICE,Atividade de apps/Interações com apps
PSL_DATA_TYPES_APP_ACTIVITY,PSL_IN_APP_SEARCH_HISTORY,,MULTIPLE_CHOICE,Atividade de apps/Histórico de pesquisas na app
PSL_DATA_TYPES_APP_ACTIVITY,PSL_APPS_ON_DEVICE,,MULTIPLE_CHOICE,Atividade de apps/Apps instaladas
PSL_DATA_TYPES_APP_ACTIVITY,PSL_USER_GENERATED_CONTENT,,MULTIPLE_CHOICE,Atividade de apps/Outro conteúdo gerado pelo utilizador
PSL_DATA_TYPES_APP_ACTIVITY,PSL_OTHER_APP_ACTIVITY,,MULTIPLE_CHOICE,Atividade de apps/Outras ações
PSL_DATA_TYPES_IDENTIFIERS,PSL_DEVICE_ID,,MULTIPLE_CHOICE,Dispositivo ou outros IDs/Dispositivo ou outros IDs
PSL_DATA_USAGE_RESPONSES:PSL_NAME:PSL_DATA_USAGE_COLLECTION_AND_SHARING,PSL_DATA_USAGE_ONLY_COLLECTED,,MULTIPLE_CHOICE,"Utilização e tratamento de dados (Nome)/Estes dados são recolhidos, partilhados ou ambos?/Recolhidos"
PSL_DATA_USAGE_RESPONSES:PSL_NAME:PSL_DATA_USAGE_COLLECTION_AND_SHARING,PSL_DATA_USAGE_ONLY_SHARED,,MULTIPLE_CHOICE,"Utilização e tratamento de dados (Nome)/Estes dados são recolhidos, partilhados ou ambos?/Partilhado"
PSL_DATA_USAGE_RESPONSES:PSL_NAME:PSL_DATA_USAGE_EPHEMERAL,,,MAYBE_REQUIRED,Utilização e tratamento de dados (Nome)/Estes dados são tratados efemeramente?
PSL_DATA_USAGE_RESPONSES:PSL_NAME:DATA_USAGE_USER_CONTROL,PSL_DATA_USAGE_USER_CONTROL_OPTIONAL,,SINGLE_CHOICE,Utilização e tratamento de dados (Nome)/Estes dados são necessários para a sua app ou os utilizadores podem escolher se são recolhidos?/Os utilizadores podem escolher se estes dados são recolhidos
PSL_DATA_USAGE_RESPONSES:PSL_NAME:DATA_USAGE_USER_CONTROL,PSL_DATA_USAGE_USER_CONTROL_REQUIRED,,SINGLE_CHOICE,Utilização e tratamento de dados (Nome)/Estes dados são necessários para a sua app ou os utilizadores podem escolher se são recolhidos?/A recolha de dados é necessária (os utilizadores não podem desativar esta recolha de dados)
PSL_DATA_USAGE_RESPONSES:PSL_NAME:DATA_USAGE_COLLECTION_PURPOSE,PSL_APP_FUNCTIONALITY,,MULTIPLE_CHOICE,Utilização e tratamento de dados (Nome)/Por que motivo estes dados do utilizador são recolhidos? Selecione todas as opções aplicáveis./Funcionalidade da app
PSL_DATA_USAGE_RESPONSES:PSL_NAME:DATA_USAGE_COLLECTION_PURPOSE,PSL_ANALYTICS,,MULTIPLE_CHOICE,Utilização e tratamento de dados (Nome)/Por que motivo estes dados do utilizador são recolhidos? Selecione todas as opções aplicáveis./Análise
PSL_DATA_USAGE_RESPONSES:PSL_NAME:DATA_USAGE_COLLECTION_PURPOSE,PSL_DEVELOPER_COMMUNICATIONS,,MULTIPLE_CHOICE,Utilização e tratamento de dados (Nome)/Por que motivo estes dados do utilizador são recolhidos? Selecione todas as opções aplicáveis./Comunicações do programador
PSL_DATA_USAGE_RESPONSES:PSL_NAME:DATA_USAGE_COLLECTION_PURPOSE,PSL_FRAUD_PREVENTION_SECURITY,,MULTIPLE_CHOICE,"Utilização e tratamento de dados (Nome)/Por que motivo estes dados do utilizador são recolhidos? Selecione todas as opções aplicáveis./Prevenção de fraudes, segurança e conformidade"
PSL_DATA_USAGE_RESPONSES:PSL_NAME:DATA_USAGE_COLLECTION_PURPOSE,PSL_ADVERTISING,,MULTIPLE_CHOICE,Utilização e tratamento de dados (Nome)/Por que motivo estes dados do utilizador são recolhidos? Selecione todas as opções aplicáveis./Publicidade ou marketing
PSL_DATA_USAGE_RESPONSES:PSL_NAME:DATA_USAGE_COLLECTION_PURPOSE,PSL_PERSONALIZATION,,MULTIPLE_CHOICE,Utilização e tratamento de dados (Nome)/Por que motivo estes dados do utilizador são recolhidos? Selecione todas as opções aplicáveis./Personalização
PSL_DATA_USAGE_RESPONSES:PSL_NAME:DATA_USAGE_COLLECTION_PURPOSE,PSL_ACCOUNT_MANAGEMENT,,MULTIPLE_CHOICE,Utilização e tratamento de dados (Nome)/Por que motivo estes dados do utilizador são recolhidos? Selecione todas as opções aplicáveis./Gestão da conta
PSL_DATA_USAGE_RESPONSES:PSL_NAME:DATA_USAGE_SHARING_PURPOSE,PSL_APP_FUNCTIONALITY,,MULTIPLE_CHOICE,Utilização e tratamento de dados (Nome)/Por que motivo estes dados do utilizador são partilhados? Selecione todas as opções aplicáveis./Funcionalidade da app
PSL_DATA_USAGE_RESPONSES:PSL_NAME:DATA_USAGE_SHARING_PURPOSE,PSL_ANALYTICS,,MULTIPLE_CHOICE,Utilização e tratamento de dados (Nome)/Por que motivo estes dados do utilizador são partilhados? Selecione todas as opções aplicáveis./Análise
PSL_DATA_USAGE_RESPONSES:PSL_NAME:DATA_USAGE_SHARING_PURPOSE,PSL_DEVELOPER_COMMUNICATIONS,,MULTIPLE_CHOICE,Utilização e tratamento de dados (Nome)/Por que motivo estes dados do utilizador são partilhados? Selecione todas as opções aplicáveis./Comunicações do programador
PSL_DATA_USAGE_RESPONSES:PSL_NAME:DATA_USAGE_SHARING_PURPOSE,PSL_FRAUD_PREVENTION_SECURITY,,MULTIPLE_CHOICE,"Utilização e tratamento de dados (Nome)/Por que motivo estes dados do utilizador são partilhados? Selecione todas as opções aplicáveis./Prevenção de fraudes, segurança e conformidade"
PSL_DATA_USAGE_RESPONSES:PSL_NAME:DATA_USAGE_SHARING_PURPOSE,PSL_ADVERTISING,,MULTIPLE_CHOICE,Utilização e tratamento de dados (Nome)/Por que motivo estes dados do utilizador são partilhados? Selecione todas as opções aplicáveis./Publicidade ou marketing
PSL_DATA_USAGE_RESPONSES:PSL_NAME:DATA_USAGE_SHARING_PURPOSE,PSL_PERSONALIZATION,,MULTIPLE_CHOICE,Utilização e tratamento de dados (Nome)/Por que motivo estes dados do utilizador são partilhados? Selecione todas as opções aplicáveis./Personalização
PSL_DATA_USAGE_RESPONSES:PSL_NAME:DATA_USAGE_SHARING_PURPOSE,PSL_ACCOUNT_MANAGEMENT,,MULTIPLE_CHOICE,Utilização e tratamento de dados (Nome)/Por que motivo estes dados do utilizador são partilhados? Selecione todas as opções aplicáveis./Gestão da conta
PSL_DATA_USAGE_RESPONSES:PSL_EMAIL:PSL_DATA_USAGE_COLLECTION_AND_SHARING,PSL_DATA_USAGE_ONLY_COLLECTED,,MULTIPLE_CHOICE,"Utilização e tratamento de dados (Endereço de email)/Estes dados são recolhidos, partilhados ou ambos?/Recolhidos"
PSL_DATA_USAGE_RESPONSES:PSL_EMAIL:PSL_DATA_USAGE_COLLECTION_AND_SHARING,PSL_DATA_USAGE_ONLY_SHARED,,MULTIPLE_CHOICE,"Utilização e tratamento de dados (Endereço de email)/Estes dados são recolhidos, partilhados ou ambos?/Partilhado"
PSL_DATA_USAGE_RESPONSES:PSL_EMAIL:PSL_DATA_USAGE_EPHEMERAL,,,MAYBE_REQUIRED,Utilização e tratamento de dados (Endereço de email)/Estes dados são tratados efemeramente?
PSL_DATA_USAGE_RESPONSES:PSL_EMAIL:DATA_USAGE_USER_CONTROL,PSL_DATA_USAGE_USER_CONTROL_OPTIONAL,,SINGLE_CHOICE,Utilização e tratamento de dados (Endereço de email)/Estes dados são necessários para a sua app ou os utilizadores podem escolher se são recolhidos?/Os utilizadores podem escolher se estes dados são recolhidos
PSL_DATA_USAGE_RESPONSES:PSL_EMAIL:DATA_USAGE_USER_CONTROL,PSL_DATA_USAGE_USER_CONTROL_REQUIRED,,SINGLE_CHOICE,Utilização e tratamento de dados (Endereço de email)/Estes dados são necessários para a sua app ou os utilizadores podem escolher se são recolhidos?/A recolha de dados é necessária (os utilizadores não podem desativar esta recolha de dados)
PSL_DATA_USAGE_RESPONSES:PSL_EMAIL:DATA_USAGE_COLLECTION_PURPOSE,PSL_APP_FUNCTIONALITY,,MULTIPLE_CHOICE,Utilização e tratamento de dados (Endereço de email)/Por que motivo estes dados do utilizador são recolhidos? Selecione todas as opções aplicáveis./Funcionalidade da app
PSL_DATA_USAGE_RESPONSES:PSL_EMAIL:DATA_USAGE_COLLECTION_PURPOSE,PSL_ANALYTICS,,MULTIPLE_CHOICE,Utilização e tratamento de dados (Endereço de email)/Por que motivo estes dados do utilizador são recolhidos? Selecione todas as opções aplicáveis./Análise
PSL_DATA_USAGE_RESPONSES:PSL_EMAIL:DATA_USAGE_COLLECTION_PURPOSE,PSL_DEVELOPER_COMMUNICATIONS,,MULTIPLE_CHOICE,Utilização e tratamento de dados (Endereço de email)/Por que motivo estes dados do utilizador são recolhidos? Selecione todas as opções aplicáveis./Comunicações do programador
PSL_DATA_USAGE_RESPONSES:PSL_EMAIL:DATA_USAGE_COLLECTION_PURPOSE,PSL_FRAUD_PREVENTION_SECURITY,,MULTIPLE_CHOICE,"Utilização e tratamento de dados (Endereço de email)/Por que motivo estes dados do utilizador são recolhidos? Selecione todas as opções aplicáveis./Prevenção de fraudes, segurança e conformidade"
PSL_DATA_USAGE_RESPONSES:PSL_EMAIL:DATA_USAGE_COLLECTION_PURPOSE,PSL_ADVERTISING,,MULTIPLE_CHOICE,Utilização e tratamento de dados (Endereço de email)/Por que motivo estes dados do utilizador são recolhidos? Selecione todas as opções aplicáveis./Publicidade ou marketing
PSL_DATA_USAGE_RESPONSES:PSL_EMAIL:DATA_USAGE_COLLECTION_PURPOSE,PSL_PERSONALIZATION,,MULTIPLE_CHOICE,Utilização e tratamento de dados (Endereço de email)/Por que motivo estes dados do utilizador são recolhidos? Selecione todas as opções aplicáveis./Personalização
PSL_DATA_USAGE_RESPONSES:PSL_EMAIL:DATA_USAGE_COLLECTION_PURPOSE,PSL_ACCOUNT_MANAGEMENT,,MULTIPLE_CHOICE,Utilização e tratamento de dados (Endereço de email)/Por que motivo estes dados do utilizador são recolhidos? Selecione todas as opções aplicáveis./Gestão da conta
PSL_DATA_USAGE_RESPONSES:PSL_EMAIL:DATA_USAGE_SHARING_PURPOSE,PSL_APP_FUNCTIONALITY,,MULTIPLE_CHOICE,Utilização e tratamento de dados (Endereço de email)/Por que motivo estes dados do utilizador são partilhados? Selecione todas as opções aplicáveis./Funcionalidade da app
PSL_DATA_USAGE_RESPONSES:PSL_EMAIL:DATA_USAGE_SHARING_PURPOSE,PSL_ANALYTICS,,MULTIPLE_CHOICE,Utilização e tratamento de dados (Endereço de email)/Por que motivo estes dados do utilizador são partilhados? Selecione todas as opções aplicáveis./Análise
PSL_DATA_USAGE_RESPONSES:PSL_EMAIL:DATA_USAGE_SHARING_PURPOSE,PSL_DEVELOPER_COMMUNICATIONS,,MULTIPLE_CHOICE,Utilização e tratamento de dados (Endereço de email)/Por que motivo estes dados do utilizador são partilhados? Selecione todas as opções aplicáveis./Comunicações do programador
PSL_DATA_USAGE_RESPONSES:PSL_EMAIL:DATA_USAGE_SHARING_PURPOSE,PSL_FRAUD_PREVENTION_SECURITY,,MULTIPLE_CHOICE,"Utilização e tratamento de dados (Endereço de email)/Por que motivo estes dados do utilizador são partilhados? Selecione todas as opções aplicáveis./Prevenção de fraudes, segurança e conformidade"
PSL_DATA_USAGE_RESPONSES:PSL_EMAIL:DATA_USAGE_SHARING_PURPOSE,PSL_ADVERTISING,,MULTIPLE_CHOICE,Utilização e tratamento de dados (Endereço de email)/Por que motivo estes dados do utilizador são partilhados? Selecione todas as opções aplicáveis./Publicidade ou marketing
PSL_DATA_USAGE_RESPONSES:PSL_EMAIL:DATA_USAGE_SHARING_PURPOSE,PSL_PERSONALIZATION,,MULTIPLE_CHOICE,Utilização e tratamento de dados (Endereço de email)/Por que motivo estes dados do utilizador são partilhados? Selecione todas as opções aplicáveis./Personalização
PSL_DATA_USAGE_RESPONSES:PSL_EMAIL:DATA_USAGE_SHARING_PURPOSE,PSL_ACCOUNT_MANAGEMENT,,MULTIPLE_CHOICE,Utilização e tratamento de dados (Endereço de email)/Por que motivo estes dados do utilizador são partilhados? Selecione todas as opções aplicáveis./Gestão da conta
PSL_DATA_USAGE_RESPONSES:PSL_USER_ACCOUNT:PSL_DATA_USAGE_COLLECTION_AND_SHARING,PSL_DATA_USAGE_ONLY_COLLECTED,,MULTIPLE_CHOICE,"Utilização e tratamento de dados (IDs de utilizador)/Estes dados são recolhidos, partilhados ou ambos?/Recolhidos"
PSL_DATA_USAGE_RESPONSES:PSL_USER_ACCOUNT:PSL_DATA_USAGE_COLLECTION_AND_SHARING,PSL_DATA_USAGE_ONLY_SHARED,,MULTIPLE_CHOICE,"Utilização e tratamento de dados (IDs de utilizador)/Estes dados são recolhidos, partilhados ou ambos?/Partilhado"
PSL_DATA_USAGE_RESPONSES:PSL_USER_ACCOUNT:PSL_DATA_USAGE_EPHEMERAL,,,MAYBE_REQUIRED,Utilização e tratamento de dados (IDs de utilizador)/Estes dados são tratados efemeramente?
PSL_DATA_USAGE_RESPONSES:PSL_USER_ACCOUNT:DATA_USAGE_USER_CONTROL,PSL_DATA_USAGE_USER_CONTROL_OPTIONAL,,SINGLE_CHOICE,Utilização e tratamento de dados (IDs de utilizador)/Estes dados são necessários para a sua app ou os utilizadores podem escolher se são recolhidos?/Os utilizadores podem escolher se estes dados são recolhidos
PSL_DATA_USAGE_RESPONSES:PSL_USER_ACCOUNT:DATA_USAGE_USER_CONTROL,PSL_DATA_USAGE_USER_CONTROL_REQUIRED,,SINGLE_CHOICE,Utilização e tratamento de dados (IDs de utilizador)/Estes dados são necessários para a sua app ou os utilizadores podem escolher se são recolhidos?/A recolha de dados é necessária (os utilizadores não podem desativar esta recolha de dados)
PSL_DATA_USAGE_RESPONSES:PSL_USER_ACCOUNT:DATA_USAGE_COLLECTION_PURPOSE,PSL_APP_FUNCTIONALITY,,MULTIPLE_CHOICE,Utilização e tratamento de dados (IDs de utilizador)/Por que motivo estes dados do utilizador são recolhidos? Selecione todas as opções aplicáveis./Funcionalidade da app
PSL_DATA_USAGE_RESPONSES:PSL_USER_ACCOUNT:DATA_USAGE_COLLECTION_PURPOSE,PSL_ANALYTICS,,MULTIPLE_CHOICE,Utilização e tratamento de dados (IDs de utilizador)/Por que motivo estes dados do utilizador são recolhidos? Selecione todas as opções aplicáveis./Análise
PSL_DATA_USAGE_RESPONSES:PSL_USER_ACCOUNT:DATA_USAGE_COLLECTION_PURPOSE,PSL_DEVELOPER_COMMUNICATIONS,,MULTIPLE_CHOICE,Utilização e tratamento de dados (IDs de utilizador)/Por que motivo estes dados do utilizador são recolhidos? Selecione todas as opções aplicáveis./Comunicações do programador
PSL_DATA_USAGE_RESPONSES:PSL_USER_ACCOUNT:DATA_USAGE_COLLECTION_PURPOSE,PSL_FRAUD_PREVENTION_SECURITY,,MULTIPLE_CHOICE,"Utilização e tratamento de dados (IDs de utilizador)/Por que motivo estes dados do utilizador são recolhidos? Selecione todas as opções aplicáveis./Prevenção de fraudes, segurança e conformidade"
PSL_DATA_USAGE_RESPONSES:PSL_USER_ACCOUNT:DATA_USAGE_COLLECTION_PURPOSE,PSL_ADVERTISING,,MULTIPLE_CHOICE,Utilização e tratamento de dados (IDs de utilizador)/Por que motivo estes dados do utilizador são recolhidos? Selecione todas as opções aplicáveis./Publicidade ou marketing
PSL_DATA_USAGE_RESPONSES:PSL_USER_ACCOUNT:DATA_USAGE_COLLECTION_PURPOSE,PSL_PERSONALIZATION,,MULTIPLE_CHOICE,Utilização e tratamento de dados (IDs de utilizador)/Por que motivo estes dados do utilizador são recolhidos? Selecione todas as opções aplicáveis./Personalização
PSL_DATA_USAGE_RESPONSES:PSL_USER_ACCOUNT:DATA_USAGE_COLLECTION_PURPOSE,PSL_ACCOUNT_MANAGEMENT,,MULTIPLE_CHOICE,Utilização e tratamento de dados (IDs de utilizador)/Por que motivo estes dados do utilizador são recolhidos? Selecione todas as opções aplicáveis./Gestão da conta
PSL_DATA_USAGE_RESPONSES:PSL_USER_ACCOUNT:DATA_USAGE_SHARING_PURPOSE,PSL_APP_FUNCTIONALITY,,MULTIPLE_CHOICE,Utilização e tratamento de dados (IDs de utilizador)/Por que motivo estes dados do utilizador são partilhados? Selecione todas as opções aplicáveis./Funcionalidade da app
PSL_DATA_USAGE_RESPONSES:PSL_USER_ACCOUNT:DATA_USAGE_SHARING_PURPOSE,PSL_ANALYTICS,,MULTIPLE_CHOICE,Utilização e tratamento de dados (IDs de utilizador)/Por que motivo estes dados do utilizador são partilhados? Selecione todas as opções aplicáveis./Análise
PSL_DATA_USAGE_RESPONSES:PSL_USER_ACCOUNT:DATA_USAGE_SHARING_PURPOSE,PSL_DEVELOPER_COMMUNICATIONS,,MULTIPLE_CHOICE,Utilização e tratamento de dados (IDs de utilizador)/Por que motivo estes dados do utilizador são partilhados? Selecione todas as opções aplicáveis./Comunicações do programador
PSL_DATA_USAGE_RESPONSES:PSL_USER_ACCOUNT:DATA_USAGE_SHARING_PURPOSE,PSL_FRAUD_PREVENTION_SECURITY,,MULTIPLE_CHOICE,"Utilização e tratamento de dados (IDs de utilizador)/Por que motivo estes dados do utilizador são partilhados? Selecione todas as opções aplicáveis./Prevenção de fraudes, segurança e conformidade"
PSL_DATA_USAGE_RESPONSES:PSL_USER_ACCOUNT:DATA_USAGE_SHARING_PURPOSE,PSL_ADVERTISING,,MULTIPLE_CHOICE,Utilização e tratamento de dados (IDs de utilizador)/Por que motivo estes dados do utilizador são partilhados? Selecione todas as opções aplicáveis./Publicidade ou marketing
PSL_DATA_USAGE_RESPONSES:PSL_USER_ACCOUNT:DATA_USAGE_SHARING_PURPOSE,PSL_PERSONALIZATION,,MULTIPLE_CHOICE,Utilização e tratamento de dados (IDs de utilizador)/Por que motivo estes dados do utilizador são partilhados? Selecione todas as opções aplicáveis./Personalização
PSL_DATA_USAGE_RESPONSES:PSL_USER_ACCOUNT:DATA_USAGE_SHARING_PURPOSE,PSL_ACCOUNT_MANAGEMENT,,MULTIPLE_CHOICE,Utilização e tratamento de dados (IDs de utilizador)/Por que motivo estes dados do utilizador são partilhados? Selecione todas as opções aplicáveis./Gestão da conta
PSL_DATA_USAGE_RESPONSES:PSL_ADDRESS:PSL_DATA_USAGE_COLLECTION_AND_SHARING,PSL_DATA_USAGE_ONLY_COLLECTED,,MULTIPLE_CHOICE,"Utilização e tratamento de dados (Endereço)/Estes dados são recolhidos, partilhados ou ambos?/Recolhidos"
PSL_DATA_USAGE_RESPONSES:PSL_ADDRESS:PSL_DATA_USAGE_COLLECTION_AND_SHARING,PSL_DATA_USAGE_ONLY_SHARED,,MULTIPLE_CHOICE,"Utilização e tratamento de dados (Endereço)/Estes dados são recolhidos, partilhados ou ambos?/Partilhado"
PSL_DATA_USAGE_RESPONSES:PSL_ADDRESS:PSL_DATA_USAGE_EPHEMERAL,,,MAYBE_REQUIRED,Utilização e tratamento de dados (Endereço)/Estes dados são tratados efemeramente?
PSL_DATA_USAGE_RESPONSES:PSL_ADDRESS:DATA_USAGE_USER_CONTROL,PSL_DATA_USAGE_USER_CONTROL_OPTIONAL,,SINGLE_CHOICE,Utilização e tratamento de dados (Endereço)/Estes dados são necessários para a sua app ou os utilizadores podem escolher se são recolhidos?/Os utilizadores podem escolher se estes dados são recolhidos
PSL_DATA_USAGE_RESPONSES:PSL_ADDRESS:DATA_USAGE_USER_CONTROL,PSL_DATA_USAGE_USER_CONTROL_REQUIRED,,SINGLE_CHOICE,Utilização e tratamento de dados (Endereço)/Estes dados são necessários para a sua app ou os utilizadores podem escolher se são recolhidos?/A recolha de dados é necessária (os utilizadores não podem desativar esta recolha de dados)
PSL_DATA_USAGE_RESPONSES:PSL_ADDRESS:DATA_USAGE_COLLECTION_PURPOSE,PSL_APP_FUNCTIONALITY,,MULTIPLE_CHOICE,Utilização e tratamento de dados (Endereço)/Por que motivo estes dados do utilizador são recolhidos? Selecione todas as opções aplicáveis./Funcionalidade da app
PSL_DATA_USAGE_RESPONSES:PSL_ADDRESS:DATA_USAGE_COLLECTION_PURPOSE,PSL_ANALYTICS,,MULTIPLE_CHOICE,Utilização e tratamento de dados (Endereço)/Por que motivo estes dados do utilizador são recolhidos? Selecione todas as opções aplicáveis./Análise
PSL_DATA_USAGE_RESPONSES:PSL_ADDRESS:DATA_USAGE_COLLECTION_PURPOSE,PSL_DEVELOPER_COMMUNICATIONS,,MULTIPLE_CHOICE,Utilização e tratamento de dados (Endereço)/Por que motivo estes dados do utilizador são recolhidos? Selecione todas as opções aplicáveis./Comunicações do programador
PSL_DATA_USAGE_RESPONSES:PSL_ADDRESS:DATA_USAGE_COLLECTION_PURPOSE,PSL_FRAUD_PREVENTION_SECURITY,,MULTIPLE_CHOICE,"Utilização e tratamento de dados (Endereço)/Por que motivo estes dados do utilizador são recolhidos? Selecione todas as opções aplicáveis./Prevenção de fraudes, segurança e conformidade"
PSL_DATA_USAGE_RESPONSES:PSL_ADDRESS:DATA_USAGE_COLLECTION_PURPOSE,PSL_ADVERTISING,,MULTIPLE_CHOICE,Utilização e tratamento de dados (Endereço)/Por que motivo estes dados do utilizador são recolhidos? Selecione todas as opções aplicáveis./Publicidade ou marketing
PSL_DATA_USAGE_RESPONSES:PSL_ADDRESS:DATA_USAGE_COLLECTION_PURPOSE,PSL_PERSONALIZATION,,MULTIPLE_CHOICE,Utilização e tratamento de dados (Endereço)/Por que motivo estes dados do utilizador são recolhidos? Selecione todas as opções aplicáveis./Personalização
PSL_DATA_USAGE_RESPONSES:PSL_ADDRESS:DATA_USAGE_COLLECTION_PURPOSE,PSL_ACCOUNT_MANAGEMENT,,MULTIPLE_CHOICE,Utilização e tratamento de dados (Endereço)/Por que motivo estes dados do utilizador são recolhidos? Selecione todas as opções aplicáveis./Gestão da conta
PSL_DATA_USAGE_RESPONSES:PSL_ADDRESS:DATA_USAGE_SHARING_PURPOSE,PSL_APP_FUNCTIONALITY,,MULTIPLE_CHOICE,Utilização e tratamento de dados (Endereço)/Por que motivo estes dados do utilizador são partilhados? Selecione todas as opções aplicáveis./Funcionalidade da app
PSL_DATA_USAGE_RESPONSES:PSL_ADDRESS:DATA_USAGE_SHARING_PURPOSE,PSL_ANALYTICS,,MULTIPLE_CHOICE,Utilização e tratamento de dados (Endereço)/Por que motivo estes dados do utilizador são partilhados? Selecione todas as opções aplicáveis./Análise
PSL_DATA_USAGE_RESPONSES:PSL_ADDRESS:DATA_USAGE_SHARING_PURPOSE,PSL_DEVELOPER_COMMUNICATIONS,,MULTIPLE_CHOICE,Utilização e tratamento de dados (Endereço)/Por que motivo estes dados do utilizador são partilhados? Selecione todas as opções aplicáveis./Comunicações do programador
PSL_DATA_USAGE_RESPONSES:PSL_ADDRESS:DATA_USAGE_SHARING_PURPOSE,PSL_FRAUD_PREVENTION_SECURITY,,MULTIPLE_CHOICE,"Utilização e tratamento de dados (Endereço)/Por que motivo estes dados do utilizador são partilhados? Selecione todas as opções aplicáveis./Prevenção de fraudes, segurança e conformidade"
PSL_DATA_USAGE_RESPONSES:PSL_ADDRESS:DATA_USAGE_SHARING_PURPOSE,PSL_ADVERTISING,,MULTIPLE_CHOICE,Utilização e tratamento de dados (Endereço)/Por que motivo estes dados do utilizador são partilhados? Selecione todas as opções aplicáveis./Publicidade ou marketing
PSL_DATA_USAGE_RESPONSES:PSL_ADDRESS:DATA_USAGE_SHARING_PURPOSE,PSL_PERSONALIZATION,,MULTIPLE_CHOICE,Utilização e tratamento de dados (Endereço)/Por que motivo estes dados do utilizador são partilhados? Selecione todas as opções aplicáveis./Personalização
PSL_DATA_USAGE_RESPONSES:PSL_ADDRESS:DATA_USAGE_SHARING_PURPOSE,PSL_ACCOUNT_MANAGEMENT,,MULTIPLE_CHOICE,Utilização e tratamento de dados (Endereço)/Por que motivo estes dados do utilizador são partilhados? Selecione todas as opções aplicáveis./Gestão da conta
PSL_DATA_USAGE_RESPONSES:PSL_PHONE:PSL_DATA_USAGE_COLLECTION_AND_SHARING,PSL_DATA_USAGE_ONLY_COLLECTED,,MULTIPLE_CHOICE,"Utilização e tratamento de dados (Número de telefone)/Estes dados são recolhidos, partilhados ou ambos?/Recolhidos"
PSL_DATA_USAGE_RESPONSES:PSL_PHONE:PSL_DATA_USAGE_COLLECTION_AND_SHARING,PSL_DATA_USAGE_ONLY_SHARED,,MULTIPLE_CHOICE,"Utilização e tratamento de dados (Número de telefone)/Estes dados são recolhidos, partilhados ou ambos?/Partilhado"
PSL_DATA_USAGE_RESPONSES:PSL_PHONE:PSL_DATA_USAGE_EPHEMERAL,,,MAYBE_REQUIRED,Utilização e tratamento de dados (Número de telefone)/Estes dados são tratados efemeramente?
PSL_DATA_USAGE_RESPONSES:PSL_PHONE:DATA_USAGE_USER_CONTROL,PSL_DATA_USAGE_USER_CONTROL_OPTIONAL,,SINGLE_CHOICE,Utilização e tratamento de dados (Número de telefone)/Estes dados são necessários para a sua app ou os utilizadores podem escolher se são recolhidos?/Os utilizadores podem escolher se estes dados são recolhidos
PSL_DATA_USAGE_RESPONSES:PSL_PHONE:DATA_USAGE_USER_CONTROL,PSL_DATA_USAGE_USER_CONTROL_REQUIRED,,SINGLE_CHOICE,Utilização e tratamento de dados (Número de telefone)/Estes dados são necessários para a sua app ou os utilizadores podem escolher se são recolhidos?/A recolha de dados é necessária (os utilizadores não podem desativar esta recolha de dados)
PSL_DATA_USAGE_RESPONSES:PSL_PHONE:DATA_USAGE_COLLECTION_PURPOSE,PSL_APP_FUNCTIONALITY,,MULTIPLE_CHOICE,Utilização e tratamento de dados (Número de telefone)/Por que motivo estes dados do utilizador são recolhidos? Selecione todas as opções aplicáveis./Funcionalidade da app
PSL_DATA_USAGE_RESPONSES:PSL_PHONE:DATA_USAGE_COLLECTION_PURPOSE,PSL_ANALYTICS,,MULTIPLE_CHOICE,Utilização e tratamento de dados (Número de telefone)/Por que motivo estes dados do utilizador são recolhidos? Selecione todas as opções aplicáveis./Análise
PSL_DATA_USAGE_RESPONSES:PSL_PHONE:DATA_USAGE_COLLECTION_PURPOSE,PSL_DEVELOPER_COMMUNICATIONS,,MULTIPLE_CHOICE,Utilização e tratamento de dados (Número de telefone)/Por que motivo estes dados do utilizador são recolhidos? Selecione todas as opções aplicáveis./Comunicações do programador
PSL_DATA_USAGE_RESPONSES:PSL_PHONE:DATA_USAGE_COLLECTION_PURPOSE,PSL_FRAUD_PREVENTION_SECURITY,,MULTIPLE_CHOICE,"Utilização e tratamento de dados (Número de telefone)/Por que motivo estes dados do utilizador são recolhidos? Selecione todas as opções aplicáveis./Prevenção de fraudes, segurança e conformidade"
PSL_DATA_USAGE_RESPONSES:PSL_PHONE:DATA_USAGE_COLLECTION_PURPOSE,PSL_ADVERTISING,,MULTIPLE_CHOICE,Utilização e tratamento de dados (Número de telefone)/Por que motivo estes dados do utilizador são recolhidos? Selecione todas as opções aplicáveis./Publicidade ou marketing
PSL_DATA_USAGE_RESPONSES:PSL_PHONE:DATA_USAGE_COLLECTION_PURPOSE,PSL_PERSONALIZATION,,MULTIPLE_CHOICE,Utilização e tratamento de dados (Número de telefone)/Por que motivo estes dados do utilizador são recolhidos? Selecione todas as opções aplicáveis./Personalização
PSL_DATA_USAGE_RESPONSES:PSL_PHONE:DATA_USAGE_COLLECTION_PURPOSE,PSL_ACCOUNT_MANAGEMENT,,MULTIPLE_CHOICE,Utilização e tratamento de dados (Número de telefone)/Por que motivo estes dados do utilizador são recolhidos? Selecione todas as opções aplicáveis./Gestão da conta
PSL_DATA_USAGE_RESPONSES:PSL_PHONE:DATA_USAGE_SHARING_PURPOSE,PSL_APP_FUNCTIONALITY,,MULTIPLE_CHOICE,Utilização e tratamento de dados (Número de telefone)/Por que motivo estes dados do utilizador são partilhados? Selecione todas as opções aplicáveis./Funcionalidade da app
PSL_DATA_USAGE_RESPONSES:PSL_PHONE:DATA_USAGE_SHARING_PURPOSE,PSL_ANALYTICS,,MULTIPLE_CHOICE,Utilização e tratamento de dados (Número de telefone)/Por que motivo estes dados do utilizador são partilhados? Selecione todas as opções aplicáveis./Análise
PSL_DATA_USAGE_RESPONSES:PSL_PHONE:DATA_USAGE_SHARING_PURPOSE,PSL_DEVELOPER_COMMUNICATIONS,,MULTIPLE_CHOICE,Utilização e tratamento de dados (Número de telefone)/Por que motivo estes dados do utilizador são partilhados? Selecione todas as opções aplicáveis./Comunicações do programador
PSL_DATA_USAGE_RESPONSES:PSL_PHONE:DATA_USAGE_SHARING_PURPOSE,PSL_FRAUD_PREVENTION_SECURITY,,MULTIPLE_CHOICE,"Utilização e tratamento de dados (Número de telefone)/Por que motivo estes dados do utilizador são partilhados? Selecione todas as opções aplicáveis./Prevenção de fraudes, segurança e conformidade"
PSL_DATA_USAGE_RESPONSES:PSL_PHONE:DATA_USAGE_SHARING_PURPOSE,PSL_ADVERTISING,,MULTIPLE_CHOICE,Utilização e tratamento de dados (Número de telefone)/Por que motivo estes dados do utilizador são partilhados? Selecione todas as opções aplicáveis./Publicidade ou marketing
PSL_DATA_USAGE_RESPONSES:PSL_PHONE:DATA_USAGE_SHARING_PURPOSE,PSL_PERSONALIZATION,,MULTIPLE_CHOICE,Utilização e tratamento de dados (Número de telefone)/Por que motivo estes dados do utilizador são partilhados? Selecione todas as opções aplicáveis./Personalização
PSL_DATA_USAGE_RESPONSES:PSL_PHONE:DATA_USAGE_SHARING_PURPOSE,PSL_ACCOUNT_MANAGEMENT,,MULTIPLE_CHOICE,Utilização e tratamento de dados (Número de telefone)/Por que motivo estes dados do utilizador são partilhados? Selecione todas as opções aplicáveis./Gestão da conta
PSL_DATA_USAGE_RESPONSES:PSL_RACE_ETHNICITY:PSL_DATA_USAGE_COLLECTION_AND_SHARING,PSL_DATA_USAGE_ONLY_COLLECTED,,MULTIPLE_CHOICE,"Utilização e tratamento de dados (Raça e etnia)/Estes dados são recolhidos, partilhados ou ambos?/Recolhidos"
PSL_DATA_USAGE_RESPONSES:PSL_RACE_ETHNICITY:PSL_DATA_USAGE_COLLECTION_AND_SHARING,PSL_DATA_USAGE_ONLY_SHARED,,MULTIPLE_CHOICE,"Utilização e tratamento de dados (Raça e etnia)/Estes dados são recolhidos, partilhados ou ambos?/Partilhado"
PSL_DATA_USAGE_RESPONSES:PSL_RACE_ETHNICITY:PSL_DATA_USAGE_EPHEMERAL,,,MAYBE_REQUIRED,Utilização e tratamento de dados (Raça e etnia)/Estes dados são tratados efemeramente?
PSL_DATA_USAGE_RESPONSES:PSL_RACE_ETHNICITY:DATA_USAGE_USER_CONTROL,PSL_DATA_USAGE_USER_CONTROL_OPTIONAL,,SINGLE_CHOICE,Utilização e tratamento de dados (Raça e etnia)/Estes dados são necessários para a sua app ou os utilizadores podem escolher se são recolhidos?/Os utilizadores podem escolher se estes dados são recolhidos
PSL_DATA_USAGE_RESPONSES:PSL_RACE_ETHNICITY:DATA_USAGE_USER_CONTROL,PSL_DATA_USAGE_USER_CONTROL_REQUIRED,,SINGLE_CHOICE,Utilização e tratamento de dados (Raça e etnia)/Estes dados são necessários para a sua app ou os utilizadores podem escolher se são recolhidos?/A recolha de dados é necessária (os utilizadores não podem desativar esta recolha de dados)
PSL_DATA_USAGE_RESPONSES:PSL_RACE_ETHNICITY:DATA_USAGE_COLLECTION_PURPOSE,PSL_APP_FUNCTIONALITY,,MULTIPLE_CHOICE,Utilização e tratamento de dados (Raça e etnia)/Por que motivo estes dados do utilizador são recolhidos? Selecione todas as opções aplicáveis./Funcionalidade da app
PSL_DATA_USAGE_RESPONSES:PSL_RACE_ETHNICITY:DATA_USAGE_COLLECTION_PURPOSE,PSL_ANALYTICS,,MULTIPLE_CHOICE,Utilização e tratamento de dados (Raça e etnia)/Por que motivo estes dados do utilizador são recolhidos? Selecione todas as opções aplicáveis./Análise
PSL_DATA_USAGE_RESPONSES:PSL_RACE_ETHNICITY:DATA_USAGE_COLLECTION_PURPOSE,PSL_DEVELOPER_COMMUNICATIONS,,MULTIPLE_CHOICE,Utilização e tratamento de dados (Raça e etnia)/Por que motivo estes dados do utilizador são recolhidos? Selecione todas as opções aplicáveis./Comunicações do programador
PSL_DATA_USAGE_RESPONSES:PSL_RACE_ETHNICITY:DATA_USAGE_COLLECTION_PURPOSE,PSL_FRAUD_PREVENTION_SECURITY,,MULTIPLE_CHOICE,"Utilização e tratamento de dados (Raça e etnia)/Por que motivo estes dados do utilizador são recolhidos? Selecione todas as opções aplicáveis./Prevenção de fraudes, segurança e conformidade"
PSL_DATA_USAGE_RESPONSES:PSL_RACE_ETHNICITY:DATA_USAGE_COLLECTION_PURPOSE,PSL_ADVERTISING,,MULTIPLE_CHOICE,Utilização e tratamento de dados (Raça e etnia)/Por que motivo estes dados do utilizador são recolhidos? Selecione todas as opções aplicáveis./Publicidade ou marketing
PSL_DATA_USAGE_RESPONSES:PSL_RACE_ETHNICITY:DATA_USAGE_COLLECTION_PURPOSE,PSL_PERSONALIZATION,,MULTIPLE_CHOICE,Utilização e tratamento de dados (Raça e etnia)/Por que motivo estes dados do utilizador são recolhidos? Selecione todas as opções aplicáveis./Personalização
PSL_DATA_USAGE_RESPONSES:PSL_RACE_ETHNICITY:DATA_USAGE_COLLECTION_PURPOSE,PSL_ACCOUNT_MANAGEMENT,,MULTIPLE_CHOICE,Utilização e tratamento de dados (Raça e etnia)/Por que motivo estes dados do utilizador são recolhidos? Selecione todas as opções aplicáveis./Gestão da conta
PSL_DATA_USAGE_RESPONSES:PSL_RACE_ETHNICITY:DATA_USAGE_SHARING_PURPOSE,PSL_APP_FUNCTIONALITY,,MULTIPLE_CHOICE,Utilização e tratamento de dados (Raça e etnia)/Por que motivo estes dados do utilizador são partilhados? Selecione todas as opções aplicáveis./Funcionalidade da app
PSL_DATA_USAGE_RESPONSES:PSL_RACE_ETHNICITY:DATA_USAGE_SHARING_PURPOSE,PSL_ANALYTICS,,MULTIPLE_CHOICE,Utilização e tratamento de dados (Raça e etnia)/Por que motivo estes dados do utilizador são partilhados? Selecione todas as opções aplicáveis./Análise
PSL_DATA_USAGE_RESPONSES:PSL_RACE_ETHNICITY:DATA_USAGE_SHARING_PURPOSE,PSL_DEVELOPER_COMMUNICATIONS,,MULTIPLE_CHOICE,Utilização e tratamento de dados (Raça e etnia)/Por que motivo estes dados do utilizador são partilhados? Selecione todas as opções aplicáveis./Comunicações do programador
PSL_DATA_USAGE_RESPONSES:PSL_RACE_ETHNICITY:DATA_USAGE_SHARING_PURPOSE,PSL_FRAUD_PREVENTION_SECURITY,,MULTIPLE_CHOICE,"Utilização e tratamento de dados (Raça e etnia)/Por que motivo estes dados do utilizador são partilhados? Selecione todas as opções aplicáveis./Prevenção de fraudes, segurança e conformidade"
PSL_DATA_USAGE_RESPONSES:PSL_RACE_ETHNICITY:DATA_USAGE_SHARING_PURPOSE,PSL_ADVERTISING,,MULTIPLE_CHOICE,Utilização e tratamento de dados (Raça e etnia)/Por que motivo estes dados do utilizador são partilhados? Selecione todas as opções aplicáveis./Publicidade ou marketing
PSL_DATA_USAGE_RESPONSES:PSL_RACE_ETHNICITY:DATA_USAGE_SHARING_PURPOSE,PSL_PERSONALIZATION,,MULTIPLE_CHOICE,Utilização e tratamento de dados (Raça e etnia)/Por que motivo estes dados do utilizador são partilhados? Selecione todas as opções aplicáveis./Personalização
PSL_DATA_USAGE_RESPONSES:PSL_RACE_ETHNICITY:DATA_USAGE_SHARING_PURPOSE,PSL_ACCOUNT_MANAGEMENT,,MULTIPLE_CHOICE,Utilização e tratamento de dados (Raça e etnia)/Por que motivo estes dados do utilizador são partilhados? Selecione todas as opções aplicáveis./Gestão da conta
PSL_DATA_USAGE_RESPONSES:PSL_POLITICAL_RELIGIOUS:PSL_DATA_USAGE_COLLECTION_AND_SHARING,PSL_DATA_USAGE_ONLY_COLLECTED,,MULTIPLE_CHOICE,"Utilização e tratamento de dados (Crenças políticas ou religiosas)/Estes dados são recolhidos, partilhados ou ambos?/Recolhidos"
PSL_DATA_USAGE_RESPONSES:PSL_POLITICAL_RELIGIOUS:PSL_DATA_USAGE_COLLECTION_AND_SHARING,PSL_DATA_USAGE_ONLY_SHARED,,MULTIPLE_CHOICE,"Utilização e tratamento de dados (Crenças políticas ou religiosas)/Estes dados são recolhidos, partilhados ou ambos?/Partilhado"
PSL_DATA_USAGE_RESPONSES:PSL_POLITICAL_RELIGIOUS:PSL_DATA_USAGE_EPHEMERAL,,,MAYBE_REQUIRED,Utilização e tratamento de dados (Crenças políticas ou religiosas)/Estes dados são tratados efemeramente?
PSL_DATA_USAGE_RESPONSES:PSL_POLITICAL_RELIGIOUS:DATA_USAGE_USER_CONTROL,PSL_DATA_USAGE_USER_CONTROL_OPTIONAL,,SINGLE_CHOICE,Utilização e tratamento de dados (Crenças políticas ou religiosas)/Estes dados são necessários para a sua app ou os utilizadores podem escolher se são recolhidos?/Os utilizadores podem escolher se estes dados são recolhidos
PSL_DATA_USAGE_RESPONSES:PSL_POLITICAL_RELIGIOUS:DATA_USAGE_USER_CONTROL,PSL_DATA_USAGE_USER_CONTROL_REQUIRED,,SINGLE_CHOICE,Utilização e tratamento de dados (Crenças políticas ou religiosas)/Estes dados são necessários para a sua app ou os utilizadores podem escolher se são recolhidos?/A recolha de dados é necessária (os utilizadores não podem desativar esta recolha de dados)
PSL_DATA_USAGE_RESPONSES:PSL_POLITICAL_RELIGIOUS:DATA_USAGE_COLLECTION_PURPOSE,PSL_APP_FUNCTIONALITY,,MULTIPLE_CHOICE,Utilização e tratamento de dados (Crenças políticas ou religiosas)/Por que motivo estes dados do utilizador são recolhidos? Selecione todas as opções aplicáveis./Funcionalidade da app
PSL_DATA_USAGE_RESPONSES:PSL_POLITICAL_RELIGIOUS:DATA_USAGE_COLLECTION_PURPOSE,PSL_ANALYTICS,,MULTIPLE_CHOICE,Utilização e tratamento de dados (Crenças políticas ou religiosas)/Por que motivo estes dados do utilizador são recolhidos? Selecione todas as opções aplicáveis./Análise
PSL_DATA_USAGE_RESPONSES:PSL_POLITICAL_RELIGIOUS:DATA_USAGE_COLLECTION_PURPOSE,PSL_DEVELOPER_COMMUNICATIONS,,MULTIPLE_CHOICE,Utilização e tratamento de dados (Crenças políticas ou religiosas)/Por que motivo estes dados do utilizador são recolhidos? Selecione todas as opções aplicáveis./Comunicações do programador
PSL_DATA_USAGE_RESPONSES:PSL_POLITICAL_RELIGIOUS:DATA_USAGE_COLLECTION_PURPOSE,PSL_FRAUD_PREVENTION_SECURITY,,MULTIPLE_CHOICE,"Utilização e tratamento de dados (Crenças políticas ou religiosas)/Por que motivo estes dados do utilizador são recolhidos? Selecione todas as opções aplicáveis./Prevenção de fraudes, segurança e conformidade"
PSL_DATA_USAGE_RESPONSES:PSL_POLITICAL_RELIGIOUS:DATA_USAGE_COLLECTION_PURPOSE,PSL_ADVERTISING,,MULTIPLE_CHOICE,Utilização e tratamento de dados (Crenças políticas ou religiosas)/Por que motivo estes dados do utilizador são recolhidos? Selecione todas as opções aplicáveis./Publicidade ou marketing
PSL_DATA_USAGE_RESPONSES:PSL_POLITICAL_RELIGIOUS:DATA_USAGE_COLLECTION_PURPOSE,PSL_PERSONALIZATION,,MULTIPLE_CHOICE,Utilização e tratamento de dados (Crenças políticas ou religiosas)/Por que motivo estes dados do utilizador são recolhidos? Selecione todas as opções aplicáveis./Personalização
PSL_DATA_USAGE_RESPONSES:PSL_POLITICAL_RELIGIOUS:DATA_USAGE_COLLECTION_PURPOSE,PSL_ACCOUNT_MANAGEMENT,,MULTIPLE_CHOICE,Utilização e tratamento de dados (Crenças políticas ou religiosas)/Por que motivo estes dados do utilizador são recolhidos? Selecione todas as opções aplicáveis./Gestão da conta
PSL_DATA_USAGE_RESPONSES:PSL_POLITICAL_RELIGIOUS:DATA_USAGE_SHARING_PURPOSE,PSL_APP_FUNCTIONALITY,,MULTIPLE_CHOICE,Utilização e tratamento de dados (Crenças políticas ou religiosas)/Por que motivo estes dados do utilizador são partilhados? Selecione todas as opções aplicáveis./Funcionalidade da app
PSL_DATA_USAGE_RESPONSES:PSL_POLITICAL_RELIGIOUS:DATA_USAGE_SHARING_PURPOSE,PSL_ANALYTICS,,MULTIPLE_CHOICE,Utilização e tratamento de dados (Crenças políticas ou religiosas)/Por que motivo estes dados do utilizador são partilhados? Selecione todas as opções aplicáveis./Análise
PSL_DATA_USAGE_RESPONSES:PSL_POLITICAL_RELIGIOUS:DATA_USAGE_SHARING_PURPOSE,PSL_DEVELOPER_COMMUNICATIONS,,MULTIPLE_CHOICE,Utilização e tratamento de dados (Crenças políticas ou religiosas)/Por que motivo estes dados do utilizador são partilhados? Selecione todas as opções aplicáveis./Comunicações do programador
PSL_DATA_USAGE_RESPONSES:PSL_POLITICAL_RELIGIOUS:DATA_USAGE_SHARING_PURPOSE,PSL_FRAUD_PREVENTION_SECURITY,,MULTIPLE_CHOICE,"Utilização e tratamento de dados (Crenças políticas ou religiosas)/Por que motivo estes dados do utilizador são partilhados? Selecione todas as opções aplicáveis./Prevenção de fraudes, segurança e conformidade"
PSL_DATA_USAGE_RESPONSES:PSL_POLITICAL_RELIGIOUS:DATA_USAGE_SHARING_PURPOSE,PSL_ADVERTISING,,MULTIPLE_CHOICE,Utilização e tratamento de dados (Crenças políticas ou religiosas)/Por que motivo estes dados do utilizador são partilhados? Selecione todas as opções aplicáveis./Publicidade ou marketing
PSL_DATA_USAGE_RESPONSES:PSL_POLITICAL_RELIGIOUS:DATA_USAGE_SHARING_PURPOSE,PSL_PERSONALIZATION,,MULTIPLE_CHOICE,Utilização e tratamento de dados (Crenças políticas ou religiosas)/Por que motivo estes dados do utilizador são partilhados? Selecione todas as opções aplicáveis./Personalização
PSL_DATA_USAGE_RESPONSES:PSL_POLITICAL_RELIGIOUS:DATA_USAGE_SHARING_PURPOSE,PSL_ACCOUNT_MANAGEMENT,,MULTIPLE_CHOICE,Utilização e tratamento de dados (Crenças políticas ou religiosas)/Por que motivo estes dados do utilizador são partilhados? Selecione todas as opções aplicáveis./Gestão da conta
PSL_DATA_USAGE_RESPONSES:PSL_SEXUAL_ORIENTATION_GENDER_IDENTITY:PSL_DATA_USAGE_COLLECTION_AND_SHARING,PSL_DATA_USAGE_ONLY_COLLECTED,,MULTIPLE_CHOICE,"Utilização e tratamento de dados (Orientação sexual)/Estes dados são recolhidos, partilhados ou ambos?/Recolhidos"
PSL_DATA_USAGE_RESPONSES:PSL_SEXUAL_ORIENTATION_GENDER_IDENTITY:PSL_DATA_USAGE_COLLECTION_AND_SHARING,PSL_DATA_USAGE_ONLY_SHARED,,MULTIPLE_CHOICE,"Utilização e tratamento de dados (Orientação sexual)/Estes dados são recolhidos, partilhados ou ambos?/Partilhado"
PSL_DATA_USAGE_RESPONSES:PSL_SEXUAL_ORIENTATION_GENDER_IDENTITY:PSL_DATA_USAGE_EPHEMERAL,,,MAYBE_REQUIRED,Utilização e tratamento de dados (Orientação sexual)/Estes dados são tratados efemeramente?
PSL_DATA_USAGE_RESPONSES:PSL_SEXUAL_ORIENTATION_GENDER_IDENTITY:DATA_USAGE_USER_CONTROL,PSL_DATA_USAGE_USER_CONTROL_OPTIONAL,,SINGLE_CHOICE,Utilização e tratamento de dados (Orientação sexual)/Estes dados são necessários para a sua app ou os utilizadores podem escolher se são recolhidos?/Os utilizadores podem escolher se estes dados são recolhidos
PSL_DATA_USAGE_RESPONSES:PSL_SEXUAL_ORIENTATION_GENDER_IDENTITY:DATA_USAGE_USER_CONTROL,PSL_DATA_USAGE_USER_CONTROL_REQUIRED,,SINGLE_CHOICE,Utilização e tratamento de dados (Orientação sexual)/Estes dados são necessários para a sua app ou os utilizadores podem escolher se são recolhidos?/A recolha de dados é necessária (os utilizadores não podem desativar esta recolha de dados)
PSL_DATA_USAGE_RESPONSES:PSL_SEXUAL_ORIENTATION_GENDER_IDENTITY:DATA_USAGE_COLLECTION_PURPOSE,PSL_APP_FUNCTIONALITY,,MULTIPLE_CHOICE,Utilização e tratamento de dados (Orientação sexual)/Por que motivo estes dados do utilizador são recolhidos? Selecione todas as opções aplicáveis./Funcionalidade da app
PSL_DATA_USAGE_RESPONSES:PSL_SEXUAL_ORIENTATION_GENDER_IDENTITY:DATA_USAGE_COLLECTION_PURPOSE,PSL_ANALYTICS,,MULTIPLE_CHOICE,Utilização e tratamento de dados (Orientação sexual)/Por que motivo estes dados do utilizador são recolhidos? Selecione todas as opções aplicáveis./Análise
PSL_DATA_USAGE_RESPONSES:PSL_SEXUAL_ORIENTATION_GENDER_IDENTITY:DATA_USAGE_COLLECTION_PURPOSE,PSL_DEVELOPER_COMMUNICATIONS,,MULTIPLE_CHOICE,Utilização e tratamento de dados (Orientação sexual)/Por que motivo estes dados do utilizador são recolhidos? Selecione todas as opções aplicáveis./Comunicações do programador
PSL_DATA_USAGE_RESPONSES:PSL_SEXUAL_ORIENTATION_GENDER_IDENTITY:DATA_USAGE_COLLECTION_PURPOSE,PSL_FRAUD_PREVENTION_SECURITY,,MULTIPLE_CHOICE,"Utilização e tratamento de dados (Orientação sexual)/Por que motivo estes dados do utilizador são recolhidos? Selecione todas as opções aplicáveis./Prevenção de fraudes, segurança e conformidade"
PSL_DATA_USAGE_RESPONSES:PSL_SEXUAL_ORIENTATION_GENDER_IDENTITY:DATA_USAGE_COLLECTION_PURPOSE,PSL_ADVERTISING,,MULTIPLE_CHOICE,Utilização e tratamento de dados (Orientação sexual)/Por que motivo estes dados do utilizador são recolhidos? Selecione todas as opções aplicáveis./Publicidade ou marketing
PSL_DATA_USAGE_RESPONSES:PSL_SEXUAL_ORIENTATION_GENDER_IDENTITY:DATA_USAGE_COLLECTION_PURPOSE,PSL_PERSONALIZATION,,MULTIPLE_CHOICE,Utilização e tratamento de dados (Orientação sexual)/Por que motivo estes dados do utilizador são recolhidos? Selecione todas as opções aplicáveis./Personalização
PSL_DATA_USAGE_RESPONSES:PSL_SEXUAL_ORIENTATION_GENDER_IDENTITY:DATA_USAGE_COLLECTION_PURPOSE,PSL_ACCOUNT_MANAGEMENT,,MULTIPLE_CHOICE,Utilização e tratamento de dados (Orientação sexual)/Por que motivo estes dados do utilizador são recolhidos? Selecione todas as opções aplicáveis./Gestão da conta
PSL_DATA_USAGE_RESPONSES:PSL_SEXUAL_ORIENTATION_GENDER_IDENTITY:DATA_USAGE_SHARING_PURPOSE,PSL_APP_FUNCTIONALITY,,MULTIPLE_CHOICE,Utilização e tratamento de dados (Orientação sexual)/Por que motivo estes dados do utilizador são partilhados? Selecione todas as opções aplicáveis./Funcionalidade da app
PSL_DATA_USAGE_RESPONSES:PSL_SEXUAL_ORIENTATION_GENDER_IDENTITY:DATA_USAGE_SHARING_PURPOSE,PSL_ANALYTICS,,MULTIPLE_CHOICE,Utilização e tratamento de dados (Orientação sexual)/Por que motivo estes dados do utilizador são partilhados? Selecione todas as opções aplicáveis./Análise
PSL_DATA_USAGE_RESPONSES:PSL_SEXUAL_ORIENTATION_GENDER_IDENTITY:DATA_USAGE_SHARING_PURPOSE,PSL_DEVELOPER_COMMUNICATIONS,,MULTIPLE_CHOICE,Utilização e tratamento de dados (Orientação sexual)/Por que motivo estes dados do utilizador são partilhados? Selecione todas as opções aplicáveis./Comunicações do programador
PSL_DATA_USAGE_RESPONSES:PSL_SEXUAL_ORIENTATION_GENDER_IDENTITY:DATA_USAGE_SHARING_PURPOSE,PSL_FRAUD_PREVENTION_SECURITY,,MULTIPLE_CHOICE,"Utilização e tratamento de dados (Orientação sexual)/Por que motivo estes dados do utilizador são partilhados? Selecione todas as opções aplicáveis./Prevenção de fraudes, segurança e conformidade"
PSL_DATA_USAGE_RESPONSES:PSL_SEXUAL_ORIENTATION_GENDER_IDENTITY:DATA_USAGE_SHARING_PURPOSE,PSL_ADVERTISING,,MULTIPLE_CHOICE,Utilização e tratamento de dados (Orientação sexual)/Por que motivo estes dados do utilizador são partilhados? Selecione todas as opções aplicáveis./Publicidade ou marketing
PSL_DATA_USAGE_RESPONSES:PSL_SEXUAL_ORIENTATION_GENDER_IDENTITY:DATA_USAGE_SHARING_PURPOSE,PSL_PERSONALIZATION,,MULTIPLE_CHOICE,Utilização e tratamento de dados (Orientação sexual)/Por que motivo estes dados do utilizador são partilhados? Selecione todas as opções aplicáveis./Personalização
PSL_DATA_USAGE_RESPONSES:PSL_SEXUAL_ORIENTATION_GENDER_IDENTITY:DATA_USAGE_SHARING_PURPOSE,PSL_ACCOUNT_MANAGEMENT,,MULTIPLE_CHOICE,Utilização e tratamento de dados (Orientação sexual)/Por que motivo estes dados do utilizador são partilhados? Selecione todas as opções aplicáveis./Gestão da conta
PSL_DATA_USAGE_RESPONSES:PSL_OTHER_PERSONAL:PSL_DATA_USAGE_COLLECTION_AND_SHARING,PSL_DATA_USAGE_ONLY_COLLECTED,,MULTIPLE_CHOICE,"Utilização e tratamento de dados (Outras informações)/Estes dados são recolhidos, partilhados ou ambos?/Recolhidos"
PSL_DATA_USAGE_RESPONSES:PSL_OTHER_PERSONAL:PSL_DATA_USAGE_COLLECTION_AND_SHARING,PSL_DATA_USAGE_ONLY_SHARED,,MULTIPLE_CHOICE,"Utilização e tratamento de dados (Outras informações)/Estes dados são recolhidos, partilhados ou ambos?/Partilhado"
PSL_DATA_USAGE_RESPONSES:PSL_OTHER_PERSONAL:PSL_DATA_USAGE_EPHEMERAL,,,MAYBE_REQUIRED,Utilização e tratamento de dados (Outras informações)/Estes dados são tratados efemeramente?
PSL_DATA_USAGE_RESPONSES:PSL_OTHER_PERSONAL:DATA_USAGE_USER_CONTROL,PSL_DATA_USAGE_USER_CONTROL_OPTIONAL,,SINGLE_CHOICE,Utilização e tratamento de dados (Outras informações)/Estes dados são necessários para a sua app ou os utilizadores podem escolher se são recolhidos?/Os utilizadores podem escolher se estes dados são recolhidos
PSL_DATA_USAGE_RESPONSES:PSL_OTHER_PERSONAL:DATA_USAGE_USER_CONTROL,PSL_DATA_USAGE_USER_CONTROL_REQUIRED,,SINGLE_CHOICE,Utilização e tratamento de dados (Outras informações)/Estes dados são necessários para a sua app ou os utilizadores podem escolher se são recolhidos?/A recolha de dados é necessária (os utilizadores não podem desativar esta recolha de dados)
PSL_DATA_USAGE_RESPONSES:PSL_OTHER_PERSONAL:DATA_USAGE_COLLECTION_PURPOSE,PSL_APP_FUNCTIONALITY,,MULTIPLE_CHOICE,Utilização e tratamento de dados (Outras informações)/Por que motivo estes dados do utilizador são recolhidos? Selecione todas as opções aplicáveis./Funcionalidade da app
PSL_DATA_USAGE_RESPONSES:PSL_OTHER_PERSONAL:DATA_USAGE_COLLECTION_PURPOSE,PSL_ANALYTICS,,MULTIPLE_CHOICE,Utilização e tratamento de dados (Outras informações)/Por que motivo estes dados do utilizador são recolhidos? Selecione todas as opções aplicáveis./Análise
PSL_DATA_USAGE_RESPONSES:PSL_OTHER_PERSONAL:DATA_USAGE_COLLECTION_PURPOSE,PSL_DEVELOPER_COMMUNICATIONS,,MULTIPLE_CHOICE,Utilização e tratamento de dados (Outras informações)/Por que motivo estes dados do utilizador são recolhidos? Selecione todas as opções aplicáveis./Comunicações do programador
PSL_DATA_USAGE_RESPONSES:PSL_OTHER_PERSONAL:DATA_USAGE_COLLECTION_PURPOSE,PSL_FRAUD_PREVENTION_SECURITY,,MULTIPLE_CHOICE,"Utilização e tratamento de dados (Outras informações)/Por que motivo estes dados do utilizador são recolhidos? Selecione todas as opções aplicáveis./Prevenção de fraudes, segurança e conformidade"
PSL_DATA_USAGE_RESPONSES:PSL_OTHER_PERSONAL:DATA_USAGE_COLLECTION_PURPOSE,PSL_ADVERTISING,,MULTIPLE_CHOICE,Utilização e tratamento de dados (Outras informações)/Por que motivo estes dados do utilizador são recolhidos? Selecione todas as opções aplicáveis./Publicidade ou marketing
PSL_DATA_USAGE_RESPONSES:PSL_OTHER_PERSONAL:DATA_USAGE_COLLECTION_PURPOSE,PSL_PERSONALIZATION,,MULTIPLE_CHOICE,Utilização e tratamento de dados (Outras informações)/Por que motivo estes dados do utilizador são recolhidos? Selecione todas as opções aplicáveis./Personalização
PSL_DATA_USAGE_RESPONSES:PSL_OTHER_PERSONAL:DATA_USAGE_COLLECTION_PURPOSE,PSL_ACCOUNT_MANAGEMENT,,MULTIPLE_CHOICE,Utilização e tratamento de dados (Outras informações)/Por que motivo estes dados do utilizador são recolhidos? Selecione todas as opções aplicáveis./Gestão da conta
PSL_DATA_USAGE_RESPONSES:PSL_OTHER_PERSONAL:DATA_USAGE_SHARING_PURPOSE,PSL_APP_FUNCTIONALITY,,MULTIPLE_CHOICE,Utilização e tratamento de dados (Outras informações)/Por que motivo estes dados do utilizador são partilhados? Selecione todas as opções aplicáveis./Funcionalidade da app
PSL_DATA_USAGE_RESPONSES:PSL_OTHER_PERSONAL:DATA_USAGE_SHARING_PURPOSE,PSL_ANALYTICS,,MULTIPLE_CHOICE,Utilização e tratamento de dados (Outras informações)/Por que motivo estes dados do utilizador são partilhados? Selecione todas as opções aplicáveis./Análise
PSL_DATA_USAGE_RESPONSES:PSL_OTHER_PERSONAL:DATA_USAGE_SHARING_PURPOSE,PSL_DEVELOPER_COMMUNICATIONS,,MULTIPLE_CHOICE,Utilização e tratamento de dados (Outras informações)/Por que motivo estes dados do utilizador são partilhados? Selecione todas as opções aplicáveis./Comunicações do programador
PSL_DATA_USAGE_RESPONSES:PSL_OTHER_PERSONAL:DATA_USAGE_SHARING_PURPOSE,PSL_FRAUD_PREVENTION_SECURITY,,MULTIPLE_CHOICE,"Utilização e tratamento de dados (Outras informações)/Por que motivo estes dados do utilizador são partilhados? Selecione todas as opções aplicáveis./Prevenção de fraudes, segurança e conformidade"
PSL_DATA_USAGE_RESPONSES:PSL_OTHER_PERSONAL:DATA_USAGE_SHARING_PURPOSE,PSL_ADVERTISING,,MULTIPLE_CHOICE,Utilização e tratamento de dados (Outras informações)/Por que motivo estes dados do utilizador são partilhados? Selecione todas as opções aplicáveis./Publicidade ou marketing
PSL_DATA_USAGE_RESPONSES:PSL_OTHER_PERSONAL:DATA_USAGE_SHARING_PURPOSE,PSL_PERSONALIZATION,,MULTIPLE_CHOICE,Utilização e tratamento de dados (Outras informações)/Por que motivo estes dados do utilizador são partilhados? Selecione todas as opções aplicáveis./Personalização
PSL_DATA_USAGE_RESPONSES:PSL_OTHER_PERSONAL:DATA_USAGE_SHARING_PURPOSE,PSL_ACCOUNT_MANAGEMENT,,MULTIPLE_CHOICE,Utilização e tratamento de dados (Outras informações)/Por que motivo estes dados do utilizador são partilhados? Selecione todas as opções aplicáveis./Gestão da conta
PSL_DATA_USAGE_RESPONSES:PSL_CREDIT_DEBIT_BANK_ACCOUNT_NUMBER:PSL_DATA_USAGE_COLLECTION_AND_SHARING,PSL_DATA_USAGE_ONLY_COLLECTED,,MULTIPLE_CHOICE,"Utilização e tratamento de dados (Informações de pagamento do utilizador)/Estes dados são recolhidos, partilhados ou ambos?/Recolhidos"
PSL_DATA_USAGE_RESPONSES:PSL_CREDIT_DEBIT_BANK_ACCOUNT_NUMBER:PSL_DATA_USAGE_COLLECTION_AND_SHARING,PSL_DATA_USAGE_ONLY_SHARED,,MULTIPLE_CHOICE,"Utilização e tratamento de dados (Informações de pagamento do utilizador)/Estes dados são recolhidos, partilhados ou ambos?/Partilhado"
PSL_DATA_USAGE_RESPONSES:PSL_CREDIT_DEBIT_BANK_ACCOUNT_NUMBER:PSL_DATA_USAGE_EPHEMERAL,,,MAYBE_REQUIRED,Utilização e tratamento de dados (Informações de pagamento do utilizador)/Estes dados são tratados efemeramente?
PSL_DATA_USAGE_RESPONSES:PSL_CREDIT_DEBIT_BANK_ACCOUNT_NUMBER:DATA_USAGE_USER_CONTROL,PSL_DATA_USAGE_USER_CONTROL_OPTIONAL,,SINGLE_CHOICE,Utilização e tratamento de dados (Informações de pagamento do utilizador)/Estes dados são necessários para a sua app ou os utilizadores podem escolher se são recolhidos?/Os utilizadores podem escolher se estes dados são recolhidos
PSL_DATA_USAGE_RESPONSES:PSL_CREDIT_DEBIT_BANK_ACCOUNT_NUMBER:DATA_USAGE_USER_CONTROL,PSL_DATA_USAGE_USER_CONTROL_REQUIRED,,SINGLE_CHOICE,Utilização e tratamento de dados (Informações de pagamento do utilizador)/Estes dados são necessários para a sua app ou os utilizadores podem escolher se são recolhidos?/A recolha de dados é necessária (os utilizadores não podem desativar esta recolha de dados)
PSL_DATA_USAGE_RESPONSES:PSL_CREDIT_DEBIT_BANK_ACCOUNT_NUMBER:DATA_USAGE_COLLECTION_PURPOSE,PSL_APP_FUNCTIONALITY,,MULTIPLE_CHOICE,Utilização e tratamento de dados (Informações de pagamento do utilizador)/Por que motivo estes dados do utilizador são recolhidos? Selecione todas as opções aplicáveis./Funcionalidade da app
PSL_DATA_USAGE_RESPONSES:PSL_CREDIT_DEBIT_BANK_ACCOUNT_NUMBER:DATA_USAGE_COLLECTION_PURPOSE,PSL_ANALYTICS,,MULTIPLE_CHOICE,Utilização e tratamento de dados (Informações de pagamento do utilizador)/Por que motivo estes dados do utilizador são recolhidos? Selecione todas as opções aplicáveis./Análise
PSL_DATA_USAGE_RESPONSES:PSL_CREDIT_DEBIT_BANK_ACCOUNT_NUMBER:DATA_USAGE_COLLECTION_PURPOSE,PSL_DEVELOPER_COMMUNICATIONS,,MULTIPLE_CHOICE,Utilização e tratamento de dados (Informações de pagamento do utilizador)/Por que motivo estes dados do utilizador são recolhidos? Selecione todas as opções aplicáveis./Comunicações do programador
PSL_DATA_USAGE_RESPONSES:PSL_CREDIT_DEBIT_BANK_ACCOUNT_NUMBER:DATA_USAGE_COLLECTION_PURPOSE,PSL_FRAUD_PREVENTION_SECURITY,,MULTIPLE_CHOICE,"Utilização e tratamento de dados (Informações de pagamento do utilizador)/Por que motivo estes dados do utilizador são recolhidos? Selecione todas as opções aplicáveis./Prevenção de fraudes, segurança e conformidade"
PSL_DATA_USAGE_RESPONSES:PSL_CREDIT_DEBIT_BANK_ACCOUNT_NUMBER:DATA_USAGE_COLLECTION_PURPOSE,PSL_ADVERTISING,,MULTIPLE_CHOICE,Utilização e tratamento de dados (Informações de pagamento do utilizador)/Por que motivo estes dados do utilizador são recolhidos? Selecione todas as opções aplicáveis./Publicidade ou marketing
PSL_DATA_USAGE_RESPONSES:PSL_CREDIT_DEBIT_BANK_ACCOUNT_NUMBER:DATA_USAGE_COLLECTION_PURPOSE,PSL_PERSONALIZATION,,MULTIPLE_CHOICE,Utilização e tratamento de dados (Informações de pagamento do utilizador)/Por que motivo estes dados do utilizador são recolhidos? Selecione todas as opções aplicáveis./Personalização
PSL_DATA_USAGE_RESPONSES:PSL_CREDIT_DEBIT_BANK_ACCOUNT_NUMBER:DATA_USAGE_COLLECTION_PURPOSE,PSL_ACCOUNT_MANAGEMENT,,MULTIPLE_CHOICE,Utilização e tratamento de dados (Informações de pagamento do utilizador)/Por que motivo estes dados do utilizador são recolhidos? Selecione todas as opções aplicáveis./Gestão da conta
PSL_DATA_USAGE_RESPONSES:PSL_CREDIT_DEBIT_BANK_ACCOUNT_NUMBER:DATA_USAGE_SHARING_PURPOSE,PSL_APP_FUNCTIONALITY,,MULTIPLE_CHOICE,Utilização e tratamento de dados (Informações de pagamento do utilizador)/Por que motivo estes dados do utilizador são partilhados? Selecione todas as opções aplicáveis./Funcionalidade da app
PSL_DATA_USAGE_RESPONSES:PSL_CREDIT_DEBIT_BANK_ACCOUNT_NUMBER:DATA_USAGE_SHARING_PURPOSE,PSL_ANALYTICS,,MULTIPLE_CHOICE,Utilização e tratamento de dados (Informações de pagamento do utilizador)/Por que motivo estes dados do utilizador são partilhados? Selecione todas as opções aplicáveis./Análise
PSL_DATA_USAGE_RESPONSES:PSL_CREDIT_DEBIT_BANK_ACCOUNT_NUMBER:DATA_USAGE_SHARING_PURPOSE,PSL_DEVELOPER_COMMUNICATIONS,,MULTIPLE_CHOICE,Utilização e tratamento de dados (Informações de pagamento do utilizador)/Por que motivo estes dados do utilizador são partilhados? Selecione todas as opções aplicáveis./Comunicações do programador
PSL_DATA_USAGE_RESPONSES:PSL_CREDIT_DEBIT_BANK_ACCOUNT_NUMBER:DATA_USAGE_SHARING_PURPOSE,PSL_FRAUD_PREVENTION_SECURITY,,MULTIPLE_CHOICE,"Utilização e tratamento de dados (Informações de pagamento do utilizador)/Por que motivo estes dados do utilizador são partilhados? Selecione todas as opções aplicáveis./Prevenção de fraudes, segurança e conformidade"
PSL_DATA_USAGE_RESPONSES:PSL_CREDIT_DEBIT_BANK_ACCOUNT_NUMBER:DATA_USAGE_SHARING_PURPOSE,PSL_ADVERTISING,,MULTIPLE_CHOICE,Utilização e tratamento de dados (Informações de pagamento do utilizador)/Por que motivo estes dados do utilizador são partilhados? Selecione todas as opções aplicáveis./Publicidade ou marketing
PSL_DATA_USAGE_RESPONSES:PSL_CREDIT_DEBIT_BANK_ACCOUNT_NUMBER:DATA_USAGE_SHARING_PURPOSE,PSL_PERSONALIZATION,,MULTIPLE_CHOICE,Utilização e tratamento de dados (Informações de pagamento do utilizador)/Por que motivo estes dados do utilizador são partilhados? Selecione todas as opções aplicáveis./Personalização
PSL_DATA_USAGE_RESPONSES:PSL_CREDIT_DEBIT_BANK_ACCOUNT_NUMBER:DATA_USAGE_SHARING_PURPOSE,PSL_ACCOUNT_MANAGEMENT,,MULTIPLE_CHOICE,Utilização e tratamento de dados (Informações de pagamento do utilizador)/Por que motivo estes dados do utilizador são partilhados? Selecione todas as opções aplicáveis./Gestão da conta
PSL_DATA_USAGE_RESPONSES:PSL_PURCHASE_HISTORY:PSL_DATA_USAGE_COLLECTION_AND_SHARING,PSL_DATA_USAGE_ONLY_COLLECTED,,MULTIPLE_CHOICE,"Utilização e tratamento de dados (Histórico de compras)/Estes dados são recolhidos, partilhados ou ambos?/Recolhidos"
PSL_DATA_USAGE_RESPONSES:PSL_PURCHASE_HISTORY:PSL_DATA_USAGE_COLLECTION_AND_SHARING,PSL_DATA_USAGE_ONLY_SHARED,,MULTIPLE_CHOICE,"Utilização e tratamento de dados (Histórico de compras)/Estes dados são recolhidos, partilhados ou ambos?/Partilhado"
PSL_DATA_USAGE_RESPONSES:PSL_PURCHASE_HISTORY:PSL_DATA_USAGE_EPHEMERAL,,,MAYBE_REQUIRED,Utilização e tratamento de dados (Histórico de compras)/Estes dados são tratados efemeramente?
PSL_DATA_USAGE_RESPONSES:PSL_PURCHASE_HISTORY:DATA_USAGE_USER_CONTROL,PSL_DATA_USAGE_USER_CONTROL_OPTIONAL,,SINGLE_CHOICE,Utilização e tratamento de dados (Histórico de compras)/Estes dados são necessários para a sua app ou os utilizadores podem escolher se são recolhidos?/Os utilizadores podem escolher se estes dados são recolhidos
PSL_DATA_USAGE_RESPONSES:PSL_PURCHASE_HISTORY:DATA_USAGE_USER_CONTROL,PSL_DATA_USAGE_USER_CONTROL_REQUIRED,,SINGLE_CHOICE,Utilização e tratamento de dados (Histórico de compras)/Estes dados são necessários para a sua app ou os utilizadores podem escolher se são recolhidos?/A recolha de dados é necessária (os utilizadores não podem desativar esta recolha de dados)
PSL_DATA_USAGE_RESPONSES:PSL_PURCHASE_HISTORY:DATA_USAGE_COLLECTION_PURPOSE,PSL_APP_FUNCTIONALITY,,MULTIPLE_CHOICE,Utilização e tratamento de dados (Histórico de compras)/Por que motivo estes dados do utilizador são recolhidos? Selecione todas as opções aplicáveis./Funcionalidade da app
PSL_DATA_USAGE_RESPONSES:PSL_PURCHASE_HISTORY:DATA_USAGE_COLLECTION_PURPOSE,PSL_ANALYTICS,,MULTIPLE_CHOICE,Utilização e tratamento de dados (Histórico de compras)/Por que motivo estes dados do utilizador são recolhidos? Selecione todas as opções aplicáveis./Análise
PSL_DATA_USAGE_RESPONSES:PSL_PURCHASE_HISTORY:DATA_USAGE_COLLECTION_PURPOSE,PSL_DEVELOPER_COMMUNICATIONS,,MULTIPLE_CHOICE,Utilização e tratamento de dados (Histórico de compras)/Por que motivo estes dados do utilizador são recolhidos? Selecione todas as opções aplicáveis./Comunicações do programador
PSL_DATA_USAGE_RESPONSES:PSL_PURCHASE_HISTORY:DATA_USAGE_COLLECTION_PURPOSE,PSL_FRAUD_PREVENTION_SECURITY,,MULTIPLE_CHOICE,"Utilização e tratamento de dados (Histórico de compras)/Por que motivo estes dados do utilizador são recolhidos? Selecione todas as opções aplicáveis./Prevenção de fraudes, segurança e conformidade"
PSL_DATA_USAGE_RESPONSES:PSL_PURCHASE_HISTORY:DATA_USAGE_COLLECTION_PURPOSE,PSL_ADVERTISING,,MULTIPLE_CHOICE,Utilização e tratamento de dados (Histórico de compras)/Por que motivo estes dados do utilizador são recolhidos? Selecione todas as opções aplicáveis./Publicidade ou marketing
PSL_DATA_USAGE_RESPONSES:PSL_PURCHASE_HISTORY:DATA_USAGE_COLLECTION_PURPOSE,PSL_PERSONALIZATION,,MULTIPLE_CHOICE,Utilização e tratamento de dados (Histórico de compras)/Por que motivo estes dados do utilizador são recolhidos? Selecione todas as opções aplicáveis./Personalização
PSL_DATA_USAGE_RESPONSES:PSL_PURCHASE_HISTORY:DATA_USAGE_COLLECTION_PURPOSE,PSL_ACCOUNT_MANAGEMENT,,MULTIPLE_CHOICE,Utilização e tratamento de dados (Histórico de compras)/Por que motivo estes dados do utilizador são recolhidos? Selecione todas as opções aplicáveis./Gestão da conta
PSL_DATA_USAGE_RESPONSES:PSL_PURCHASE_HISTORY:DATA_USAGE_SHARING_PURPOSE,PSL_APP_FUNCTIONALITY,,MULTIPLE_CHOICE,Utilização e tratamento de dados (Histórico de compras)/Por que motivo estes dados do utilizador são partilhados? Selecione todas as opções aplicáveis./Funcionalidade da app
PSL_DATA_USAGE_RESPONSES:PSL_PURCHASE_HISTORY:DATA_USAGE_SHARING_PURPOSE,PSL_ANALYTICS,,MULTIPLE_CHOICE,Utilização e tratamento de dados (Histórico de compras)/Por que motivo estes dados do utilizador são partilhados? Selecione todas as opções aplicáveis./Análise
PSL_DATA_USAGE_RESPONSES:PSL_PURCHASE_HISTORY:DATA_USAGE_SHARING_PURPOSE,PSL_DEVELOPER_COMMUNICATIONS,,MULTIPLE_CHOICE,Utilização e tratamento de dados (Histórico de compras)/Por que motivo estes dados do utilizador são partilhados? Selecione todas as opções aplicáveis./Comunicações do programador
PSL_DATA_USAGE_RESPONSES:PSL_PURCHASE_HISTORY:DATA_USAGE_SHARING_PURPOSE,PSL_FRAUD_PREVENTION_SECURITY,,MULTIPLE_CHOICE,"Utilização e tratamento de dados (Histórico de compras)/Por que motivo estes dados do utilizador são partilhados? Selecione todas as opções aplicáveis./Prevenção de fraudes, segurança e conformidade"
PSL_DATA_USAGE_RESPONSES:PSL_PURCHASE_HISTORY:DATA_USAGE_SHARING_PURPOSE,PSL_ADVERTISING,,MULTIPLE_CHOICE,Utilização e tratamento de dados (Histórico de compras)/Por que motivo estes dados do utilizador são partilhados? Selecione todas as opções aplicáveis./Publicidade ou marketing
PSL_DATA_USAGE_RESPONSES:PSL_PURCHASE_HISTORY:DATA_USAGE_SHARING_PURPOSE,PSL_PERSONALIZATION,,MULTIPLE_CHOICE,Utilização e tratamento de dados (Histórico de compras)/Por que motivo estes dados do utilizador são partilhados? Selecione todas as opções aplicáveis./Personalização
PSL_DATA_USAGE_RESPONSES:PSL_PURCHASE_HISTORY:DATA_USAGE_SHARING_PURPOSE,PSL_ACCOUNT_MANAGEMENT,,MULTIPLE_CHOICE,Utilização e tratamento de dados (Histórico de compras)/Por que motivo estes dados do utilizador são partilhados? Selecione todas as opções aplicáveis./Gestão da conta
PSL_DATA_USAGE_RESPONSES:PSL_CREDIT_SCORE:PSL_DATA_USAGE_COLLECTION_AND_SHARING,PSL_DATA_USAGE_ONLY_COLLECTED,,MULTIPLE_CHOICE,"Utilização e tratamento de dados (Pontuação de crédito)/Estes dados são recolhidos, partilhados ou ambos?/Recolhidos"
PSL_DATA_USAGE_RESPONSES:PSL_CREDIT_SCORE:PSL_DATA_USAGE_COLLECTION_AND_SHARING,PSL_DATA_USAGE_ONLY_SHARED,,MULTIPLE_CHOICE,"Utilização e tratamento de dados (Pontuação de crédito)/Estes dados são recolhidos, partilhados ou ambos?/Partilhado"
PSL_DATA_USAGE_RESPONSES:PSL_CREDIT_SCORE:PSL_DATA_USAGE_EPHEMERAL,,,MAYBE_REQUIRED,Utilização e tratamento de dados (Pontuação de crédito)/Estes dados são tratados efemeramente?
PSL_DATA_USAGE_RESPONSES:PSL_CREDIT_SCORE:DATA_USAGE_USER_CONTROL,PSL_DATA_USAGE_USER_CONTROL_OPTIONAL,,SINGLE_CHOICE,Utilização e tratamento de dados (Pontuação de crédito)/Estes dados são necessários para a sua app ou os utilizadores podem escolher se são recolhidos?/Os utilizadores podem escolher se estes dados são recolhidos
PSL_DATA_USAGE_RESPONSES:PSL_CREDIT_SCORE:DATA_USAGE_USER_CONTROL,PSL_DATA_USAGE_USER_CONTROL_REQUIRED,,SINGLE_CHOICE,Utilização e tratamento de dados (Pontuação de crédito)/Estes dados são necessários para a sua app ou os utilizadores podem escolher se são recolhidos?/A recolha de dados é necessária (os utilizadores não podem desativar esta recolha de dados)
PSL_DATA_USAGE_RESPONSES:PSL_CREDIT_SCORE:DATA_USAGE_COLLECTION_PURPOSE,PSL_APP_FUNCTIONALITY,,MULTIPLE_CHOICE,Utilização e tratamento de dados (Pontuação de crédito)/Por que motivo estes dados do utilizador são recolhidos? Selecione todas as opções aplicáveis./Funcionalidade da app
PSL_DATA_USAGE_RESPONSES:PSL_CREDIT_SCORE:DATA_USAGE_COLLECTION_PURPOSE,PSL_ANALYTICS,,MULTIPLE_CHOICE,Utilização e tratamento de dados (Pontuação de crédito)/Por que motivo estes dados do utilizador são recolhidos? Selecione todas as opções aplicáveis./Análise
PSL_DATA_USAGE_RESPONSES:PSL_CREDIT_SCORE:DATA_USAGE_COLLECTION_PURPOSE,PSL_DEVELOPER_COMMUNICATIONS,,MULTIPLE_CHOICE,Utilização e tratamento de dados (Pontuação de crédito)/Por que motivo estes dados do utilizador são recolhidos? Selecione todas as opções aplicáveis./Comunicações do programador
PSL_DATA_USAGE_RESPONSES:PSL_CREDIT_SCORE:DATA_USAGE_COLLECTION_PURPOSE,PSL_FRAUD_PREVENTION_SECURITY,,MULTIPLE_CHOICE,"Utilização e tratamento de dados (Pontuação de crédito)/Por que motivo estes dados do utilizador são recolhidos? Selecione todas as opções aplicáveis./Prevenção de fraudes, segurança e conformidade"
PSL_DATA_USAGE_RESPONSES:PSL_CREDIT_SCORE:DATA_USAGE_COLLECTION_PURPOSE,PSL_ADVERTISING,,MULTIPLE_CHOICE,Utilização e tratamento de dados (Pontuação de crédito)/Por que motivo estes dados do utilizador são recolhidos? Selecione todas as opções aplicáveis./Publicidade ou marketing
PSL_DATA_USAGE_RESPONSES:PSL_CREDIT_SCORE:DATA_USAGE_COLLECTION_PURPOSE,PSL_PERSONALIZATION,,MULTIPLE_CHOICE,Utilização e tratamento de dados (Pontuação de crédito)/Por que motivo estes dados do utilizador são recolhidos? Selecione todas as opções aplicáveis./Personalização
PSL_DATA_USAGE_RESPONSES:PSL_CREDIT_SCORE:DATA_USAGE_COLLECTION_PURPOSE,PSL_ACCOUNT_MANAGEMENT,,MULTIPLE_CHOICE,Utilização e tratamento de dados (Pontuação de crédito)/Por que motivo estes dados do utilizador são recolhidos? Selecione todas as opções aplicáveis./Gestão da conta
PSL_DATA_USAGE_RESPONSES:PSL_CREDIT_SCORE:DATA_USAGE_SHARING_PURPOSE,PSL_APP_FUNCTIONALITY,,MULTIPLE_CHOICE,Utilização e tratamento de dados (Pontuação de crédito)/Por que motivo estes dados do utilizador são partilhados? Selecione todas as opções aplicáveis./Funcionalidade da app
PSL_DATA_USAGE_RESPONSES:PSL_CREDIT_SCORE:DATA_USAGE_SHARING_PURPOSE,PSL_ANALYTICS,,MULTIPLE_CHOICE,Utilização e tratamento de dados (Pontuação de crédito)/Por que motivo estes dados do utilizador são partilhados? Selecione todas as opções aplicáveis./Análise
PSL_DATA_USAGE_RESPONSES:PSL_CREDIT_SCORE:DATA_USAGE_SHARING_PURPOSE,PSL_DEVELOPER_COMMUNICATIONS,,MULTIPLE_CHOICE,Utilização e tratamento de dados (Pontuação de crédito)/Por que motivo estes dados do utilizador são partilhados? Selecione todas as opções aplicáveis./Comunicações do programador
PSL_DATA_USAGE_RESPONSES:PSL_CREDIT_SCORE:DATA_USAGE_SHARING_PURPOSE,PSL_FRAUD_PREVENTION_SECURITY,,MULTIPLE_CHOICE,"Utilização e tratamento de dados (Pontuação de crédito)/Por que motivo estes dados do utilizador são partilhados? Selecione todas as opções aplicáveis./Prevenção de fraudes, segurança e conformidade"
PSL_DATA_USAGE_RESPONSES:PSL_CREDIT_SCORE:DATA_USAGE_SHARING_PURPOSE,PSL_ADVERTISING,,MULTIPLE_CHOICE,Utilização e tratamento de dados (Pontuação de crédito)/Por que motivo estes dados do utilizador são partilhados? Selecione todas as opções aplicáveis./Publicidade ou marketing
PSL_DATA_USAGE_RESPONSES:PSL_CREDIT_SCORE:DATA_USAGE_SHARING_PURPOSE,PSL_PERSONALIZATION,,MULTIPLE_CHOICE,Utilização e tratamento de dados (Pontuação de crédito)/Por que motivo estes dados do utilizador são partilhados? Selecione todas as opções aplicáveis./Personalização
PSL_DATA_USAGE_RESPONSES:PSL_CREDIT_SCORE:DATA_USAGE_SHARING_PURPOSE,PSL_ACCOUNT_MANAGEMENT,,MULTIPLE_CHOICE,Utilização e tratamento de dados (Pontuação de crédito)/Por que motivo estes dados do utilizador são partilhados? Selecione todas as opções aplicáveis./Gestão da conta
PSL_DATA_USAGE_RESPONSES:PSL_OTHER:PSL_DATA_USAGE_COLLECTION_AND_SHARING,PSL_DATA_USAGE_ONLY_COLLECTED,,MULTIPLE_CHOICE,"Utilização e tratamento de dados (Outras informações financeiras)/Estes dados são recolhidos, partilhados ou ambos?/Recolhidos"
PSL_DATA_USAGE_RESPONSES:PSL_OTHER:PSL_DATA_USAGE_COLLECTION_AND_SHARING,PSL_DATA_USAGE_ONLY_SHARED,,MULTIPLE_CHOICE,"Utilização e tratamento de dados (Outras informações financeiras)/Estes dados são recolhidos, partilhados ou ambos?/Partilhado"
PSL_DATA_USAGE_RESPONSES:PSL_OTHER:PSL_DATA_USAGE_EPHEMERAL,,,MAYBE_REQUIRED,Utilização e tratamento de dados (Outras informações financeiras)/Estes dados são tratados efemeramente?
PSL_DATA_USAGE_RESPONSES:PSL_OTHER:DATA_USAGE_USER_CONTROL,PSL_DATA_USAGE_USER_CONTROL_OPTIONAL,,SINGLE_CHOICE,Utilização e tratamento de dados (Outras informações financeiras)/Estes dados são necessários para a sua app ou os utilizadores podem escolher se são recolhidos?/Os utilizadores podem escolher se estes dados são recolhidos
PSL_DATA_USAGE_RESPONSES:PSL_OTHER:DATA_USAGE_USER_CONTROL,PSL_DATA_USAGE_USER_CONTROL_REQUIRED,,SINGLE_CHOICE,Utilização e tratamento de dados (Outras informações financeiras)/Estes dados são necessários para a sua app ou os utilizadores podem escolher se são recolhidos?/A recolha de dados é necessária (os utilizadores não podem desativar esta recolha de dados)
PSL_DATA_USAGE_RESPONSES:PSL_OTHER:DATA_USAGE_COLLECTION_PURPOSE,PSL_APP_FUNCTIONALITY,,MULTIPLE_CHOICE,Utilização e tratamento de dados (Outras informações financeiras)/Por que motivo estes dados do utilizador são recolhidos? Selecione todas as opções aplicáveis./Funcionalidade da app
PSL_DATA_USAGE_RESPONSES:PSL_OTHER:DATA_USAGE_COLLECTION_PURPOSE,PSL_ANALYTICS,,MULTIPLE_CHOICE,Utilização e tratamento de dados (Outras informações financeiras)/Por que motivo estes dados do utilizador são recolhidos? Selecione todas as opções aplicáveis./Análise
PSL_DATA_USAGE_RESPONSES:PSL_OTHER:DATA_USAGE_COLLECTION_PURPOSE,PSL_DEVELOPER_COMMUNICATIONS,,MULTIPLE_CHOICE,Utilização e tratamento de dados (Outras informações financeiras)/Por que motivo estes dados do utilizador são recolhidos? Selecione todas as opções aplicáveis./Comunicações do programador
PSL_DATA_USAGE_RESPONSES:PSL_OTHER:DATA_USAGE_COLLECTION_PURPOSE,PSL_FRAUD_PREVENTION_SECURITY,,MULTIPLE_CHOICE,"Utilização e tratamento de dados (Outras informações financeiras)/Por que motivo estes dados do utilizador são recolhidos? Selecione todas as opções aplicáveis./Prevenção de fraudes, segurança e conformidade"
PSL_DATA_USAGE_RESPONSES:PSL_OTHER:DATA_USAGE_COLLECTION_PURPOSE,PSL_ADVERTISING,,MULTIPLE_CHOICE,Utilização e tratamento de dados (Outras informações financeiras)/Por que motivo estes dados do utilizador são recolhidos? Selecione todas as opções aplicáveis./Publicidade ou marketing
PSL_DATA_USAGE_RESPONSES:PSL_OTHER:DATA_USAGE_COLLECTION_PURPOSE,PSL_PERSONALIZATION,,MULTIPLE_CHOICE,Utilização e tratamento de dados (Outras informações financeiras)/Por que motivo estes dados do utilizador são recolhidos? Selecione todas as opções aplicáveis./Personalização
PSL_DATA_USAGE_RESPONSES:PSL_OTHER:DATA_USAGE_COLLECTION_PURPOSE,PSL_ACCOUNT_MANAGEMENT,,MULTIPLE_CHOICE,Utilização e tratamento de dados (Outras informações financeiras)/Por que motivo estes dados do utilizador são recolhidos? Selecione todas as opções aplicáveis./Gestão da conta
PSL_DATA_USAGE_RESPONSES:PSL_OTHER:DATA_USAGE_SHARING_PURPOSE,PSL_APP_FUNCTIONALITY,,MULTIPLE_CHOICE,Utilização e tratamento de dados (Outras informações financeiras)/Por que motivo estes dados do utilizador são partilhados? Selecione todas as opções aplicáveis./Funcionalidade da app
PSL_DATA_USAGE_RESPONSES:PSL_OTHER:DATA_USAGE_SHARING_PURPOSE,PSL_ANALYTICS,,MULTIPLE_CHOICE,Utilização e tratamento de dados (Outras informações financeiras)/Por que motivo estes dados do utilizador são partilhados? Selecione todas as opções aplicáveis./Análise
PSL_DATA_USAGE_RESPONSES:PSL_OTHER:DATA_USAGE_SHARING_PURPOSE,PSL_DEVELOPER_COMMUNICATIONS,,MULTIPLE_CHOICE,Utilização e tratamento de dados (Outras informações financeiras)/Por que motivo estes dados do utilizador são partilhados? Selecione todas as opções aplicáveis./Comunicações do programador
PSL_DATA_USAGE_RESPONSES:PSL_OTHER:DATA_USAGE_SHARING_PURPOSE,PSL_FRAUD_PREVENTION_SECURITY,,MULTIPLE_CHOICE,"Utilização e tratamento de dados (Outras informações financeiras)/Por que motivo estes dados do utilizador são partilhados? Selecione todas as opções aplicáveis./Prevenção de fraudes, segurança e conformidade"
PSL_DATA_USAGE_RESPONSES:PSL_OTHER:DATA_USAGE_SHARING_PURPOSE,PSL_ADVERTISING,,MULTIPLE_CHOICE,Utilização e tratamento de dados (Outras informações financeiras)/Por que motivo estes dados do utilizador são partilhados? Selecione todas as opções aplicáveis./Publicidade ou marketing
PSL_DATA_USAGE_RESPONSES:PSL_OTHER:DATA_USAGE_SHARING_PURPOSE,PSL_PERSONALIZATION,,MULTIPLE_CHOICE,Utilização e tratamento de dados (Outras informações financeiras)/Por que motivo estes dados do utilizador são partilhados? Selecione todas as opções aplicáveis./Personalização
PSL_DATA_USAGE_RESPONSES:PSL_OTHER:DATA_USAGE_SHARING_PURPOSE,PSL_ACCOUNT_MANAGEMENT,,MULTIPLE_CHOICE,Utilização e tratamento de dados (Outras informações financeiras)/Por que motivo estes dados do utilizador são partilhados? Selecione todas as opções aplicáveis./Gestão da conta
PSL_DATA_USAGE_RESPONSES:PSL_APPROX_LOCATION:PSL_DATA_USAGE_COLLECTION_AND_SHARING,PSL_DATA_USAGE_ONLY_COLLECTED,,MULTIPLE_CHOICE,"Utilização e tratamento de dados (Localização aproximada)/Estes dados são recolhidos, partilhados ou ambos?/Recolhidos"
PSL_DATA_USAGE_RESPONSES:PSL_APPROX_LOCATION:PSL_DATA_USAGE_COLLECTION_AND_SHARING,PSL_DATA_USAGE_ONLY_SHARED,,MULTIPLE_CHOICE,"Utilização e tratamento de dados (Localização aproximada)/Estes dados são recolhidos, partilhados ou ambos?/Partilhado"
PSL_DATA_USAGE_RESPONSES:PSL_APPROX_LOCATION:PSL_DATA_USAGE_EPHEMERAL,,,MAYBE_REQUIRED,Utilização e tratamento de dados (Localização aproximada)/Estes dados são tratados efemeramente?
PSL_DATA_USAGE_RESPONSES:PSL_APPROX_LOCATION:DATA_USAGE_USER_CONTROL,PSL_DATA_USAGE_USER_CONTROL_OPTIONAL,,SINGLE_CHOICE,Utilização e tratamento de dados (Localização aproximada)/Estes dados são necessários para a sua app ou os utilizadores podem escolher se são recolhidos?/Os utilizadores podem escolher se estes dados são recolhidos
PSL_DATA_USAGE_RESPONSES:PSL_APPROX_LOCATION:DATA_USAGE_USER_CONTROL,PSL_DATA_USAGE_USER_CONTROL_REQUIRED,,SINGLE_CHOICE,Utilização e tratamento de dados (Localização aproximada)/Estes dados são necessários para a sua app ou os utilizadores podem escolher se são recolhidos?/A recolha de dados é necessária (os utilizadores não podem desativar esta recolha de dados)
PSL_DATA_USAGE_RESPONSES:PSL_APPROX_LOCATION:DATA_USAGE_COLLECTION_PURPOSE,PSL_APP_FUNCTIONALITY,,MULTIPLE_CHOICE,Utilização e tratamento de dados (Localização aproximada)/Por que motivo estes dados do utilizador são recolhidos? Selecione todas as opções aplicáveis./Funcionalidade da app
PSL_DATA_USAGE_RESPONSES:PSL_APPROX_LOCATION:DATA_USAGE_COLLECTION_PURPOSE,PSL_ANALYTICS,,MULTIPLE_CHOICE,Utilização e tratamento de dados (Localização aproximada)/Por que motivo estes dados do utilizador são recolhidos? Selecione todas as opções aplicáveis./Análise
PSL_DATA_USAGE_RESPONSES:PSL_APPROX_LOCATION:DATA_USAGE_COLLECTION_PURPOSE,PSL_DEVELOPER_COMMUNICATIONS,,MULTIPLE_CHOICE,Utilização e tratamento de dados (Localização aproximada)/Por que motivo estes dados do utilizador são recolhidos? Selecione todas as opções aplicáveis./Comunicações do programador
PSL_DATA_USAGE_RESPONSES:PSL_APPROX_LOCATION:DATA_USAGE_COLLECTION_PURPOSE,PSL_FRAUD_PREVENTION_SECURITY,,MULTIPLE_CHOICE,"Utilização e tratamento de dados (Localização aproximada)/Por que motivo estes dados do utilizador são recolhidos? Selecione todas as opções aplicáveis./Prevenção de fraudes, segurança e conformidade"
PSL_DATA_USAGE_RESPONSES:PSL_APPROX_LOCATION:DATA_USAGE_COLLECTION_PURPOSE,PSL_ADVERTISING,,MULTIPLE_CHOICE,Utilização e tratamento de dados (Localização aproximada)/Por que motivo estes dados do utilizador são recolhidos? Selecione todas as opções aplicáveis./Publicidade ou marketing
PSL_DATA_USAGE_RESPONSES:PSL_APPROX_LOCATION:DATA_USAGE_COLLECTION_PURPOSE,PSL_PERSONALIZATION,,MULTIPLE_CHOICE,Utilização e tratamento de dados (Localização aproximada)/Por que motivo estes dados do utilizador são recolhidos? Selecione todas as opções aplicáveis./Personalização
PSL_DATA_USAGE_RESPONSES:PSL_APPROX_LOCATION:DATA_USAGE_COLLECTION_PURPOSE,PSL_ACCOUNT_MANAGEMENT,,MULTIPLE_CHOICE,Utilização e tratamento de dados (Localização aproximada)/Por que motivo estes dados do utilizador são recolhidos? Selecione todas as opções aplicáveis./Gestão da conta
PSL_DATA_USAGE_RESPONSES:PSL_APPROX_LOCATION:DATA_USAGE_SHARING_PURPOSE,PSL_APP_FUNCTIONALITY,,MULTIPLE_CHOICE,Utilização e tratamento de dados (Localização aproximada)/Por que motivo estes dados do utilizador são partilhados? Selecione todas as opções aplicáveis./Funcionalidade da app
PSL_DATA_USAGE_RESPONSES:PSL_APPROX_LOCATION:DATA_USAGE_SHARING_PURPOSE,PSL_ANALYTICS,,MULTIPLE_CHOICE,Utilização e tratamento de dados (Localização aproximada)/Por que motivo estes dados do utilizador são partilhados? Selecione todas as opções aplicáveis./Análise
PSL_DATA_USAGE_RESPONSES:PSL_APPROX_LOCATION:DATA_USAGE_SHARING_PURPOSE,PSL_DEVELOPER_COMMUNICATIONS,,MULTIPLE_CHOICE,Utilização e tratamento de dados (Localização aproximada)/Por que motivo estes dados do utilizador são partilhados? Selecione todas as opções aplicáveis./Comunicações do programador
PSL_DATA_USAGE_RESPONSES:PSL_APPROX_LOCATION:DATA_USAGE_SHARING_PURPOSE,PSL_FRAUD_PREVENTION_SECURITY,,MULTIPLE_CHOICE,"Utilização e tratamento de dados (Localização aproximada)/Por que motivo estes dados do utilizador são partilhados? Selecione todas as opções aplicáveis./Prevenção de fraudes, segurança e conformidade"
PSL_DATA_USAGE_RESPONSES:PSL_APPROX_LOCATION:DATA_USAGE_SHARING_PURPOSE,PSL_ADVERTISING,,MULTIPLE_CHOICE,Utilização e tratamento de dados (Localização aproximada)/Por que motivo estes dados do utilizador são partilhados? Selecione todas as opções aplicáveis./Publicidade ou marketing
PSL_DATA_USAGE_RESPONSES:PSL_APPROX_LOCATION:DATA_USAGE_SHARING_PURPOSE,PSL_PERSONALIZATION,,MULTIPLE_CHOICE,Utilização e tratamento de dados (Localização aproximada)/Por que motivo estes dados do utilizador são partilhados? Selecione todas as opções aplicáveis./Personalização
PSL_DATA_USAGE_RESPONSES:PSL_APPROX_LOCATION:DATA_USAGE_SHARING_PURPOSE,PSL_ACCOUNT_MANAGEMENT,,MULTIPLE_CHOICE,Utilização e tratamento de dados (Localização aproximada)/Por que motivo estes dados do utilizador são partilhados? Selecione todas as opções aplicáveis./Gestão da conta
PSL_DATA_USAGE_RESPONSES:PSL_PRECISE_LOCATION:PSL_DATA_USAGE_COLLECTION_AND_SHARING,PSL_DATA_USAGE_ONLY_COLLECTED,,MULTIPLE_CHOICE,"Utilização e tratamento de dados (Localização exata)/Estes dados são recolhidos, partilhados ou ambos?/Recolhidos"
PSL_DATA_USAGE_RESPONSES:PSL_PRECISE_LOCATION:PSL_DATA_USAGE_COLLECTION_AND_SHARING,PSL_DATA_USAGE_ONLY_SHARED,,MULTIPLE_CHOICE,"Utilização e tratamento de dados (Localização exata)/Estes dados são recolhidos, partilhados ou ambos?/Partilhado"
PSL_DATA_USAGE_RESPONSES:PSL_PRECISE_LOCATION:PSL_DATA_USAGE_EPHEMERAL,,,MAYBE_REQUIRED,Utilização e tratamento de dados (Localização exata)/Estes dados são tratados efemeramente?
PSL_DATA_USAGE_RESPONSES:PSL_PRECISE_LOCATION:DATA_USAGE_USER_CONTROL,PSL_DATA_USAGE_USER_CONTROL_OPTIONAL,,SINGLE_CHOICE,Utilização e tratamento de dados (Localização exata)/Estes dados são necessários para a sua app ou os utilizadores podem escolher se são recolhidos?/Os utilizadores podem escolher se estes dados são recolhidos
PSL_DATA_USAGE_RESPONSES:PSL_PRECISE_LOCATION:DATA_USAGE_USER_CONTROL,PSL_DATA_USAGE_USER_CONTROL_REQUIRED,,SINGLE_CHOICE,Utilização e tratamento de dados (Localização exata)/Estes dados são necessários para a sua app ou os utilizadores podem escolher se são recolhidos?/A recolha de dados é necessária (os utilizadores não podem desativar esta recolha de dados)
PSL_DATA_USAGE_RESPONSES:PSL_PRECISE_LOCATION:DATA_USAGE_COLLECTION_PURPOSE,PSL_APP_FUNCTIONALITY,,MULTIPLE_CHOICE,Utilização e tratamento de dados (Localização exata)/Por que motivo estes dados do utilizador são recolhidos? Selecione todas as opções aplicáveis./Funcionalidade da app
PSL_DATA_USAGE_RESPONSES:PSL_PRECISE_LOCATION:DATA_USAGE_COLLECTION_PURPOSE,PSL_ANALYTICS,,MULTIPLE_CHOICE,Utilização e tratamento de dados (Localização exata)/Por que motivo estes dados do utilizador são recolhidos? Selecione todas as opções aplicáveis./Análise
PSL_DATA_USAGE_RESPONSES:PSL_PRECISE_LOCATION:DATA_USAGE_COLLECTION_PURPOSE,PSL_DEVELOPER_COMMUNICATIONS,,MULTIPLE_CHOICE,Utilização e tratamento de dados (Localização exata)/Por que motivo estes dados do utilizador são recolhidos? Selecione todas as opções aplicáveis./Comunicações do programador
PSL_DATA_USAGE_RESPONSES:PSL_PRECISE_LOCATION:DATA_USAGE_COLLECTION_PURPOSE,PSL_FRAUD_PREVENTION_SECURITY,,MULTIPLE_CHOICE,"Utilização e tratamento de dados (Localização exata)/Por que motivo estes dados do utilizador são recolhidos? Selecione todas as opções aplicáveis./Prevenção de fraudes, segurança e conformidade"
PSL_DATA_USAGE_RESPONSES:PSL_PRECISE_LOCATION:DATA_USAGE_COLLECTION_PURPOSE,PSL_ADVERTISING,,MULTIPLE_CHOICE,Utilização e tratamento de dados (Localização exata)/Por que motivo estes dados do utilizador são recolhidos? Selecione todas as opções aplicáveis./Publicidade ou marketing
PSL_DATA_USAGE_RESPONSES:PSL_PRECISE_LOCATION:DATA_USAGE_COLLECTION_PURPOSE,PSL_PERSONALIZATION,,MULTIPLE_CHOICE,Utilização e tratamento de dados (Localização exata)/Por que motivo estes dados do utilizador são recolhidos? Selecione todas as opções aplicáveis./Personalização
PSL_DATA_USAGE_RESPONSES:PSL_PRECISE_LOCATION:DATA_USAGE_COLLECTION_PURPOSE,PSL_ACCOUNT_MANAGEMENT,,MULTIPLE_CHOICE,Utilização e tratamento de dados (Localização exata)/Por que motivo estes dados do utilizador são recolhidos? Selecione todas as opções aplicáveis./Gestão da conta
PSL_DATA_USAGE_RESPONSES:PSL_PRECISE_LOCATION:DATA_USAGE_SHARING_PURPOSE,PSL_APP_FUNCTIONALITY,,MULTIPLE_CHOICE,Utilização e tratamento de dados (Localização exata)/Por que motivo estes dados do utilizador são partilhados? Selecione todas as opções aplicáveis./Funcionalidade da app
PSL_DATA_USAGE_RESPONSES:PSL_PRECISE_LOCATION:DATA_USAGE_SHARING_PURPOSE,PSL_ANALYTICS,,MULTIPLE_CHOICE,Utilização e tratamento de dados (Localização exata)/Por que motivo estes dados do utilizador são partilhados? Selecione todas as opções aplicáveis./Análise
PSL_DATA_USAGE_RESPONSES:PSL_PRECISE_LOCATION:DATA_USAGE_SHARING_PURPOSE,PSL_DEVELOPER_COMMUNICATIONS,,MULTIPLE_CHOICE,Utilização e tratamento de dados (Localização exata)/Por que motivo estes dados do utilizador são partilhados? Selecione todas as opções aplicáveis./Comunicações do programador
PSL_DATA_USAGE_RESPONSES:PSL_PRECISE_LOCATION:DATA_USAGE_SHARING_PURPOSE,PSL_FRAUD_PREVENTION_SECURITY,,MULTIPLE_CHOICE,"Utilização e tratamento de dados (Localização exata)/Por que motivo estes dados do utilizador são partilhados? Selecione todas as opções aplicáveis./Prevenção de fraudes, segurança e conformidade"
PSL_DATA_USAGE_RESPONSES:PSL_PRECISE_LOCATION:DATA_USAGE_SHARING_PURPOSE,PSL_ADVERTISING,,MULTIPLE_CHOICE,Utilização e tratamento de dados (Localização exata)/Por que motivo estes dados do utilizador são partilhados? Selecione todas as opções aplicáveis./Publicidade ou marketing
PSL_DATA_USAGE_RESPONSES:PSL_PRECISE_LOCATION:DATA_USAGE_SHARING_PURPOSE,PSL_PERSONALIZATION,,MULTIPLE_CHOICE,Utilização e tratamento de dados (Localização exata)/Por que motivo estes dados do utilizador são partilhados? Selecione todas as opções aplicáveis./Personalização
PSL_DATA_USAGE_RESPONSES:PSL_PRECISE_LOCATION:DATA_USAGE_SHARING_PURPOSE,PSL_ACCOUNT_MANAGEMENT,,MULTIPLE_CHOICE,Utilização e tratamento de dados (Localização exata)/Por que motivo estes dados do utilizador são partilhados? Selecione todas as opções aplicáveis./Gestão da conta
PSL_DATA_USAGE_RESPONSES:PSL_WEB_BROWSING_HISTORY:PSL_DATA_USAGE_COLLECTION_AND_SHARING,PSL_DATA_USAGE_ONLY_COLLECTED,,MULTIPLE_CHOICE,"Utilização e tratamento de dados (Histórico de navegação na Web)/Estes dados são recolhidos, partilhados ou ambos?/Recolhidos"
PSL_DATA_USAGE_RESPONSES:PSL_WEB_BROWSING_HISTORY:PSL_DATA_USAGE_COLLECTION_AND_SHARING,PSL_DATA_USAGE_ONLY_SHARED,,MULTIPLE_CHOICE,"Utilização e tratamento de dados (Histórico de navegação na Web)/Estes dados são recolhidos, partilhados ou ambos?/Partilhado"
PSL_DATA_USAGE_RESPONSES:PSL_WEB_BROWSING_HISTORY:PSL_DATA_USAGE_EPHEMERAL,,,MAYBE_REQUIRED,Utilização e tratamento de dados (Histórico de navegação na Web)/Estes dados são tratados efemeramente?
PSL_DATA_USAGE_RESPONSES:PSL_WEB_BROWSING_HISTORY:DATA_USAGE_USER_CONTROL,PSL_DATA_USAGE_USER_CONTROL_OPTIONAL,,SINGLE_CHOICE,Utilização e tratamento de dados (Histórico de navegação na Web)/Estes dados são necessários para a sua app ou os utilizadores podem escolher se são recolhidos?/Os utilizadores podem escolher se estes dados são recolhidos
PSL_DATA_USAGE_RESPONSES:PSL_WEB_BROWSING_HISTORY:DATA_USAGE_USER_CONTROL,PSL_DATA_USAGE_USER_CONTROL_REQUIRED,,SINGLE_CHOICE,Utilização e tratamento de dados (Histórico de navegação na Web)/Estes dados são necessários para a sua app ou os utilizadores podem escolher se são recolhidos?/A recolha de dados é necessária (os utilizadores não podem desativar esta recolha de dados)
PSL_DATA_USAGE_RESPONSES:PSL_WEB_BROWSING_HISTORY:DATA_USAGE_COLLECTION_PURPOSE,PSL_APP_FUNCTIONALITY,,MULTIPLE_CHOICE,Utilização e tratamento de dados (Histórico de navegação na Web)/Por que motivo estes dados do utilizador são recolhidos? Selecione todas as opções aplicáveis./Funcionalidade da app
PSL_DATA_USAGE_RESPONSES:PSL_WEB_BROWSING_HISTORY:DATA_USAGE_COLLECTION_PURPOSE,PSL_ANALYTICS,,MULTIPLE_CHOICE,Utilização e tratamento de dados (Histórico de navegação na Web)/Por que motivo estes dados do utilizador são recolhidos? Selecione todas as opções aplicáveis./Análise
PSL_DATA_USAGE_RESPONSES:PSL_WEB_BROWSING_HISTORY:DATA_USAGE_COLLECTION_PURPOSE,PSL_DEVELOPER_COMMUNICATIONS,,MULTIPLE_CHOICE,Utilização e tratamento de dados (Histórico de navegação na Web)/Por que motivo estes dados do utilizador são recolhidos? Selecione todas as opções aplicáveis./Comunicações do programador
PSL_DATA_USAGE_RESPONSES:PSL_WEB_BROWSING_HISTORY:DATA_USAGE_COLLECTION_PURPOSE,PSL_FRAUD_PREVENTION_SECURITY,,MULTIPLE_CHOICE,"Utilização e tratamento de dados (Histórico de navegação na Web)/Por que motivo estes dados do utilizador são recolhidos? Selecione todas as opções aplicáveis./Prevenção de fraudes, segurança e conformidade"
PSL_DATA_USAGE_RESPONSES:PSL_WEB_BROWSING_HISTORY:DATA_USAGE_COLLECTION_PURPOSE,PSL_ADVERTISING,,MULTIPLE_CHOICE,Utilização e tratamento de dados (Histórico de navegação na Web)/Por que motivo estes dados do utilizador são recolhidos? Selecione todas as opções aplicáveis./Publicidade ou marketing
PSL_DATA_USAGE_RESPONSES:PSL_WEB_BROWSING_HISTORY:DATA_USAGE_COLLECTION_PURPOSE,PSL_PERSONALIZATION,,MULTIPLE_CHOICE,Utilização e tratamento de dados (Histórico de navegação na Web)/Por que motivo estes dados do utilizador são recolhidos? Selecione todas as opções aplicáveis./Personalização
PSL_DATA_USAGE_RESPONSES:PSL_WEB_BROWSING_HISTORY:DATA_USAGE_COLLECTION_PURPOSE,PSL_ACCOUNT_MANAGEMENT,,MULTIPLE_CHOICE,Utilização e tratamento de dados (Histórico de navegação na Web)/Por que motivo estes dados do utilizador são recolhidos? Selecione todas as opções aplicáveis./Gestão da conta
PSL_DATA_USAGE_RESPONSES:PSL_WEB_BROWSING_HISTORY:DATA_USAGE_SHARING_PURPOSE,PSL_APP_FUNCTIONALITY,,MULTIPLE_CHOICE,Utilização e tratamento de dados (Histórico de navegação na Web)/Por que motivo estes dados do utilizador são partilhados? Selecione todas as opções aplicáveis./Funcionalidade da app
PSL_DATA_USAGE_RESPONSES:PSL_WEB_BROWSING_HISTORY:DATA_USAGE_SHARING_PURPOSE,PSL_ANALYTICS,,MULTIPLE_CHOICE,Utilização e tratamento de dados (Histórico de navegação na Web)/Por que motivo estes dados do utilizador são partilhados? Selecione todas as opções aplicáveis./Análise
PSL_DATA_USAGE_RESPONSES:PSL_WEB_BROWSING_HISTORY:DATA_USAGE_SHARING_PURPOSE,PSL_DEVELOPER_COMMUNICATIONS,,MULTIPLE_CHOICE,Utilização e tratamento de dados (Histórico de navegação na Web)/Por que motivo estes dados do utilizador são partilhados? Selecione todas as opções aplicáveis./Comunicações do programador
PSL_DATA_USAGE_RESPONSES:PSL_WEB_BROWSING_HISTORY:DATA_USAGE_SHARING_PURPOSE,PSL_FRAUD_PREVENTION_SECURITY,,MULTIPLE_CHOICE,"Utilização e tratamento de dados (Histórico de navegação na Web)/Por que motivo estes dados do utilizador são partilhados? Selecione todas as opções aplicáveis./Prevenção de fraudes, segurança e conformidade"
PSL_DATA_USAGE_RESPONSES:PSL_WEB_BROWSING_HISTORY:DATA_USAGE_SHARING_PURPOSE,PSL_ADVERTISING,,MULTIPLE_CHOICE,Utilização e tratamento de dados (Histórico de navegação na Web)/Por que motivo estes dados do utilizador são partilhados? Selecione todas as opções aplicáveis./Publicidade ou marketing
PSL_DATA_USAGE_RESPONSES:PSL_WEB_BROWSING_HISTORY:DATA_USAGE_SHARING_PURPOSE,PSL_PERSONALIZATION,,MULTIPLE_CHOICE,Utilização e tratamento de dados (Histórico de navegação na Web)/Por que motivo estes dados do utilizador são partilhados? Selecione todas as opções aplicáveis./Personalização
PSL_DATA_USAGE_RESPONSES:PSL_WEB_BROWSING_HISTORY:DATA_USAGE_SHARING_PURPOSE,PSL_ACCOUNT_MANAGEMENT,,MULTIPLE_CHOICE,Utilização e tratamento de dados (Histórico de navegação na Web)/Por que motivo estes dados do utilizador são partilhados? Selecione todas as opções aplicáveis./Gestão da conta
PSL_DATA_USAGE_RESPONSES:PSL_EMAILS:PSL_DATA_USAGE_COLLECTION_AND_SHARING,PSL_DATA_USAGE_ONLY_COLLECTED,,MULTIPLE_CHOICE,"Utilização e tratamento de dados (Emails)/Estes dados são recolhidos, partilhados ou ambos?/Recolhidos"
PSL_DATA_USAGE_RESPONSES:PSL_EMAILS:PSL_DATA_USAGE_COLLECTION_AND_SHARING,PSL_DATA_USAGE_ONLY_SHARED,,MULTIPLE_CHOICE,"Utilização e tratamento de dados (Emails)/Estes dados são recolhidos, partilhados ou ambos?/Partilhado"
PSL_DATA_USAGE_RESPONSES:PSL_EMAILS:PSL_DATA_USAGE_EPHEMERAL,,,MAYBE_REQUIRED,Utilização e tratamento de dados (Emails)/Estes dados são tratados efemeramente?
PSL_DATA_USAGE_RESPONSES:PSL_EMAILS:DATA_USAGE_USER_CONTROL,PSL_DATA_USAGE_USER_CONTROL_OPTIONAL,,SINGLE_CHOICE,Utilização e tratamento de dados (Emails)/Estes dados são necessários para a sua app ou os utilizadores podem escolher se são recolhidos?/Os utilizadores podem escolher se estes dados são recolhidos
PSL_DATA_USAGE_RESPONSES:PSL_EMAILS:DATA_USAGE_USER_CONTROL,PSL_DATA_USAGE_USER_CONTROL_REQUIRED,,SINGLE_CHOICE,Utilização e tratamento de dados (Emails)/Estes dados são necessários para a sua app ou os utilizadores podem escolher se são recolhidos?/A recolha de dados é necessária (os utilizadores não podem desativar esta recolha de dados)
PSL_DATA_USAGE_RESPONSES:PSL_EMAILS:DATA_USAGE_COLLECTION_PURPOSE,PSL_APP_FUNCTIONALITY,,MULTIPLE_CHOICE,Utilização e tratamento de dados (Emails)/Por que motivo estes dados do utilizador são recolhidos? Selecione todas as opções aplicáveis./Funcionalidade da app
PSL_DATA_USAGE_RESPONSES:PSL_EMAILS:DATA_USAGE_COLLECTION_PURPOSE,PSL_ANALYTICS,,MULTIPLE_CHOICE,Utilização e tratamento de dados (Emails)/Por que motivo estes dados do utilizador são recolhidos? Selecione todas as opções aplicáveis./Análise
PSL_DATA_USAGE_RESPONSES:PSL_EMAILS:DATA_USAGE_COLLECTION_PURPOSE,PSL_DEVELOPER_COMMUNICATIONS,,MULTIPLE_CHOICE,Utilização e tratamento de dados (Emails)/Por que motivo estes dados do utilizador são recolhidos? Selecione todas as opções aplicáveis./Comunicações do programador
PSL_DATA_USAGE_RESPONSES:PSL_EMAILS:DATA_USAGE_COLLECTION_PURPOSE,PSL_FRAUD_PREVENTION_SECURITY,,MULTIPLE_CHOICE,"Utilização e tratamento de dados (Emails)/Por que motivo estes dados do utilizador são recolhidos? Selecione todas as opções aplicáveis./Prevenção de fraudes, segurança e conformidade"
PSL_DATA_USAGE_RESPONSES:PSL_EMAILS:DATA_USAGE_COLLECTION_PURPOSE,PSL_ADVERTISING,,MULTIPLE_CHOICE,Utilização e tratamento de dados (Emails)/Por que motivo estes dados do utilizador são recolhidos? Selecione todas as opções aplicáveis./Publicidade ou marketing
PSL_DATA_USAGE_RESPONSES:PSL_EMAILS:DATA_USAGE_COLLECTION_PURPOSE,PSL_PERSONALIZATION,,MULTIPLE_CHOICE,Utilização e tratamento de dados (Emails)/Por que motivo estes dados do utilizador são recolhidos? Selecione todas as opções aplicáveis./Personalização
PSL_DATA_USAGE_RESPONSES:PSL_EMAILS:DATA_USAGE_COLLECTION_PURPOSE,PSL_ACCOUNT_MANAGEMENT,,MULTIPLE_CHOICE,Utilização e tratamento de dados (Emails)/Por que motivo estes dados do utilizador são recolhidos? Selecione todas as opções aplicáveis./Gestão da conta
PSL_DATA_USAGE_RESPONSES:PSL_EMAILS:DATA_USAGE_SHARING_PURPOSE,PSL_APP_FUNCTIONALITY,,MULTIPLE_CHOICE,Utilização e tratamento de dados (Emails)/Por que motivo estes dados do utilizador são partilhados? Selecione todas as opções aplicáveis./Funcionalidade da app
PSL_DATA_USAGE_RESPONSES:PSL_EMAILS:DATA_USAGE_SHARING_PURPOSE,PSL_ANALYTICS,,MULTIPLE_CHOICE,Utilização e tratamento de dados (Emails)/Por que motivo estes dados do utilizador são partilhados? Selecione todas as opções aplicáveis./Análise
PSL_DATA_USAGE_RESPONSES:PSL_EMAILS:DATA_USAGE_SHARING_PURPOSE,PSL_DEVELOPER_COMMUNICATIONS,,MULTIPLE_CHOICE,Utilização e tratamento de dados (Emails)/Por que motivo estes dados do utilizador são partilhados? Selecione todas as opções aplicáveis./Comunicações do programador
PSL_DATA_USAGE_RESPONSES:PSL_EMAILS:DATA_USAGE_SHARING_PURPOSE,PSL_FRAUD_PREVENTION_SECURITY,,MULTIPLE_CHOICE,"Utilização e tratamento de dados (Emails)/Por que motivo estes dados do utilizador são partilhados? Selecione todas as opções aplicáveis./Prevenção de fraudes, segurança e conformidade"
PSL_DATA_USAGE_RESPONSES:PSL_EMAILS:DATA_USAGE_SHARING_PURPOSE,PSL_ADVERTISING,,MULTIPLE_CHOICE,Utilização e tratamento de dados (Emails)/Por que motivo estes dados do utilizador são partilhados? Selecione todas as opções aplicáveis./Publicidade ou marketing
PSL_DATA_USAGE_RESPONSES:PSL_EMAILS:DATA_USAGE_SHARING_PURPOSE,PSL_PERSONALIZATION,,MULTIPLE_CHOICE,Utilização e tratamento de dados (Emails)/Por que motivo estes dados do utilizador são partilhados? Selecione todas as opções aplicáveis./Personalização
PSL_DATA_USAGE_RESPONSES:PSL_EMAILS:DATA_USAGE_SHARING_PURPOSE,PSL_ACCOUNT_MANAGEMENT,,MULTIPLE_CHOICE,Utilização e tratamento de dados (Emails)/Por que motivo estes dados do utilizador são partilhados? Selecione todas as opções aplicáveis./Gestão da conta
PSL_DATA_USAGE_RESPONSES:PSL_SMS_CALL_LOG:PSL_DATA_USAGE_COLLECTION_AND_SHARING,PSL_DATA_USAGE_ONLY_COLLECTED,,MULTIPLE_CHOICE,"Utilização e tratamento de dados (SMS ou MMS)/Estes dados são recolhidos, partilhados ou ambos?/Recolhidos"
PSL_DATA_USAGE_RESPONSES:PSL_SMS_CALL_LOG:PSL_DATA_USAGE_COLLECTION_AND_SHARING,PSL_DATA_USAGE_ONLY_SHARED,,MULTIPLE_CHOICE,"Utilização e tratamento de dados (SMS ou MMS)/Estes dados são recolhidos, partilhados ou ambos?/Partilhado"
PSL_DATA_USAGE_RESPONSES:PSL_SMS_CALL_LOG:PSL_DATA_USAGE_EPHEMERAL,,,MAYBE_REQUIRED,Utilização e tratamento de dados (SMS ou MMS)/Estes dados são tratados efemeramente?
PSL_DATA_USAGE_RESPONSES:PSL_SMS_CALL_LOG:DATA_USAGE_USER_CONTROL,PSL_DATA_USAGE_USER_CONTROL_OPTIONAL,,SINGLE_CHOICE,Utilização e tratamento de dados (SMS ou MMS)/Estes dados são necessários para a sua app ou os utilizadores podem escolher se são recolhidos?/Os utilizadores podem escolher se estes dados são recolhidos
PSL_DATA_USAGE_RESPONSES:PSL_SMS_CALL_LOG:DATA_USAGE_USER_CONTROL,PSL_DATA_USAGE_USER_CONTROL_REQUIRED,,SINGLE_CHOICE,Utilização e tratamento de dados (SMS ou MMS)/Estes dados são necessários para a sua app ou os utilizadores podem escolher se são recolhidos?/A recolha de dados é necessária (os utilizadores não podem desativar esta recolha de dados)
PSL_DATA_USAGE_RESPONSES:PSL_SMS_CALL_LOG:DATA_USAGE_COLLECTION_PURPOSE,PSL_APP_FUNCTIONALITY,,MULTIPLE_CHOICE,Utilização e tratamento de dados (SMS ou MMS)/Por que motivo estes dados do utilizador são recolhidos? Selecione todas as opções aplicáveis./Funcionalidade da app
PSL_DATA_USAGE_RESPONSES:PSL_SMS_CALL_LOG:DATA_USAGE_COLLECTION_PURPOSE,PSL_ANALYTICS,,MULTIPLE_CHOICE,Utilização e tratamento de dados (SMS ou MMS)/Por que motivo estes dados do utilizador são recolhidos? Selecione todas as opções aplicáveis./Análise
PSL_DATA_USAGE_RESPONSES:PSL_SMS_CALL_LOG:DATA_USAGE_COLLECTION_PURPOSE,PSL_DEVELOPER_COMMUNICATIONS,,MULTIPLE_CHOICE,Utilização e tratamento de dados (SMS ou MMS)/Por que motivo estes dados do utilizador são recolhidos? Selecione todas as opções aplicáveis./Comunicações do programador
PSL_DATA_USAGE_RESPONSES:PSL_SMS_CALL_LOG:DATA_USAGE_COLLECTION_PURPOSE,PSL_FRAUD_PREVENTION_SECURITY,,MULTIPLE_CHOICE,"Utilização e tratamento de dados (SMS ou MMS)/Por que motivo estes dados do utilizador são recolhidos? Selecione todas as opções aplicáveis./Prevenção de fraudes, segurança e conformidade"
PSL_DATA_USAGE_RESPONSES:PSL_SMS_CALL_LOG:DATA_USAGE_COLLECTION_PURPOSE,PSL_ADVERTISING,,MULTIPLE_CHOICE,Utilização e tratamento de dados (SMS ou MMS)/Por que motivo estes dados do utilizador são recolhidos? Selecione todas as opções aplicáveis./Publicidade ou marketing
PSL_DATA_USAGE_RESPONSES:PSL_SMS_CALL_LOG:DATA_USAGE_COLLECTION_PURPOSE,PSL_PERSONALIZATION,,MULTIPLE_CHOICE,Utilização e tratamento de dados (SMS ou MMS)/Por que motivo estes dados do utilizador são recolhidos? Selecione todas as opções aplicáveis./Personalização
PSL_DATA_USAGE_RESPONSES:PSL_SMS_CALL_LOG:DATA_USAGE_COLLECTION_PURPOSE,PSL_ACCOUNT_MANAGEMENT,,MULTIPLE_CHOICE,Utilização e tratamento de dados (SMS ou MMS)/Por que motivo estes dados do utilizador são recolhidos? Selecione todas as opções aplicáveis./Gestão da conta
PSL_DATA_USAGE_RESPONSES:PSL_SMS_CALL_LOG:DATA_USAGE_SHARING_PURPOSE,PSL_APP_FUNCTIONALITY,,MULTIPLE_CHOICE,Utilização e tratamento de dados (SMS ou MMS)/Por que motivo estes dados do utilizador são partilhados? Selecione todas as opções aplicáveis./Funcionalidade da app
PSL_DATA_USAGE_RESPONSES:PSL_SMS_CALL_LOG:DATA_USAGE_SHARING_PURPOSE,PSL_ANALYTICS,,MULTIPLE_CHOICE,Utilização e tratamento de dados (SMS ou MMS)/Por que motivo estes dados do utilizador são partilhados? Selecione todas as opções aplicáveis./Análise
PSL_DATA_USAGE_RESPONSES:PSL_SMS_CALL_LOG:DATA_USAGE_SHARING_PURPOSE,PSL_DEVELOPER_COMMUNICATIONS,,MULTIPLE_CHOICE,Utilização e tratamento de dados (SMS ou MMS)/Por que motivo estes dados do utilizador são partilhados? Selecione todas as opções aplicáveis./Comunicações do programador
PSL_DATA_USAGE_RESPONSES:PSL_SMS_CALL_LOG:DATA_USAGE_SHARING_PURPOSE,PSL_FRAUD_PREVENTION_SECURITY,,MULTIPLE_CHOICE,"Utilização e tratamento de dados (SMS ou MMS)/Por que motivo estes dados do utilizador são partilhados? Selecione todas as opções aplicáveis./Prevenção de fraudes, segurança e conformidade"
PSL_DATA_USAGE_RESPONSES:PSL_SMS_CALL_LOG:DATA_USAGE_SHARING_PURPOSE,PSL_ADVERTISING,,MULTIPLE_CHOICE,Utilização e tratamento de dados (SMS ou MMS)/Por que motivo estes dados do utilizador são partilhados? Selecione todas as opções aplicáveis./Publicidade ou marketing
PSL_DATA_USAGE_RESPONSES:PSL_SMS_CALL_LOG:DATA_USAGE_SHARING_PURPOSE,PSL_PERSONALIZATION,,MULTIPLE_CHOICE,Utilização e tratamento de dados (SMS ou MMS)/Por que motivo estes dados do utilizador são partilhados? Selecione todas as opções aplicáveis./Personalização
PSL_DATA_USAGE_RESPONSES:PSL_SMS_CALL_LOG:DATA_USAGE_SHARING_PURPOSE,PSL_ACCOUNT_MANAGEMENT,,MULTIPLE_CHOICE,Utilização e tratamento de dados (SMS ou MMS)/Por que motivo estes dados do utilizador são partilhados? Selecione todas as opções aplicáveis./Gestão da conta
PSL_DATA_USAGE_RESPONSES:PSL_OTHER_MESSAGES:PSL_DATA_USAGE_COLLECTION_AND_SHARING,PSL_DATA_USAGE_ONLY_COLLECTED,,MULTIPLE_CHOICE,"Utilização e tratamento de dados (Outras mensagens na app)/Estes dados são recolhidos, partilhados ou ambos?/Recolhidos"
PSL_DATA_USAGE_RESPONSES:PSL_OTHER_MESSAGES:PSL_DATA_USAGE_COLLECTION_AND_SHARING,PSL_DATA_USAGE_ONLY_SHARED,,MULTIPLE_CHOICE,"Utilização e tratamento de dados (Outras mensagens na app)/Estes dados são recolhidos, partilhados ou ambos?/Partilhado"
PSL_DATA_USAGE_RESPONSES:PSL_OTHER_MESSAGES:PSL_DATA_USAGE_EPHEMERAL,,,MAYBE_REQUIRED,Utilização e tratamento de dados (Outras mensagens na app)/Estes dados são tratados efemeramente?
PSL_DATA_USAGE_RESPONSES:PSL_OTHER_MESSAGES:DATA_USAGE_USER_CONTROL,PSL_DATA_USAGE_USER_CONTROL_OPTIONAL,,SINGLE_CHOICE,Utilização e tratamento de dados (Outras mensagens na app)/Estes dados são necessários para a sua app ou os utilizadores podem escolher se são recolhidos?/Os utilizadores podem escolher se estes dados são recolhidos
PSL_DATA_USAGE_RESPONSES:PSL_OTHER_MESSAGES:DATA_USAGE_USER_CONTROL,PSL_DATA_USAGE_USER_CONTROL_REQUIRED,,SINGLE_CHOICE,Utilização e tratamento de dados (Outras mensagens na app)/Estes dados são necessários para a sua app ou os utilizadores podem escolher se são recolhidos?/A recolha de dados é necessária (os utilizadores não podem desativar esta recolha de dados)
PSL_DATA_USAGE_RESPONSES:PSL_OTHER_MESSAGES:DATA_USAGE_COLLECTION_PURPOSE,PSL_APP_FUNCTIONALITY,,MULTIPLE_CHOICE,Utilização e tratamento de dados (Outras mensagens na app)/Por que motivo estes dados do utilizador são recolhidos? Selecione todas as opções aplicáveis./Funcionalidade da app
PSL_DATA_USAGE_RESPONSES:PSL_OTHER_MESSAGES:DATA_USAGE_COLLECTION_PURPOSE,PSL_ANALYTICS,,MULTIPLE_CHOICE,Utilização e tratamento de dados (Outras mensagens na app)/Por que motivo estes dados do utilizador são recolhidos? Selecione todas as opções aplicáveis./Análise
PSL_DATA_USAGE_RESPONSES:PSL_OTHER_MESSAGES:DATA_USAGE_COLLECTION_PURPOSE,PSL_DEVELOPER_COMMUNICATIONS,,MULTIPLE_CHOICE,Utilização e tratamento de dados (Outras mensagens na app)/Por que motivo estes dados do utilizador são recolhidos? Selecione todas as opções aplicáveis./Comunicações do programador
PSL_DATA_USAGE_RESPONSES:PSL_OTHER_MESSAGES:DATA_USAGE_COLLECTION_PURPOSE,PSL_FRAUD_PREVENTION_SECURITY,,MULTIPLE_CHOICE,"Utilização e tratamento de dados (Outras mensagens na app)/Por que motivo estes dados do utilizador são recolhidos? Selecione todas as opções aplicáveis./Prevenção de fraudes, segurança e conformidade"
PSL_DATA_USAGE_RESPONSES:PSL_OTHER_MESSAGES:DATA_USAGE_COLLECTION_PURPOSE,PSL_ADVERTISING,,MULTIPLE_CHOICE,Utilização e tratamento de dados (Outras mensagens na app)/Por que motivo estes dados do utilizador são recolhidos? Selecione todas as opções aplicáveis./Publicidade ou marketing
PSL_DATA_USAGE_RESPONSES:PSL_OTHER_MESSAGES:DATA_USAGE_COLLECTION_PURPOSE,PSL_PERSONALIZATION,,MULTIPLE_CHOICE,Utilização e tratamento de dados (Outras mensagens na app)/Por que motivo estes dados do utilizador são recolhidos? Selecione todas as opções aplicáveis./Personalização
PSL_DATA_USAGE_RESPONSES:PSL_OTHER_MESSAGES:DATA_USAGE_COLLECTION_PURPOSE,PSL_ACCOUNT_MANAGEMENT,,MULTIPLE_CHOICE,Utilização e tratamento de dados (Outras mensagens na app)/Por que motivo estes dados do utilizador são recolhidos? Selecione todas as opções aplicáveis./Gestão da conta
PSL_DATA_USAGE_RESPONSES:PSL_OTHER_MESSAGES:DATA_USAGE_SHARING_PURPOSE,PSL_APP_FUNCTIONALITY,,MULTIPLE_CHOICE,Utilização e tratamento de dados (Outras mensagens na app)/Por que motivo estes dados do utilizador são partilhados? Selecione todas as opções aplicáveis./Funcionalidade da app
PSL_DATA_USAGE_RESPONSES:PSL_OTHER_MESSAGES:DATA_USAGE_SHARING_PURPOSE,PSL_ANALYTICS,,MULTIPLE_CHOICE,Utilização e tratamento de dados (Outras mensagens na app)/Por que motivo estes dados do utilizador são partilhados? Selecione todas as opções aplicáveis./Análise
PSL_DATA_USAGE_RESPONSES:PSL_OTHER_MESSAGES:DATA_USAGE_SHARING_PURPOSE,PSL_DEVELOPER_COMMUNICATIONS,,MULTIPLE_CHOICE,Utilização e tratamento de dados (Outras mensagens na app)/Por que motivo estes dados do utilizador são partilhados? Selecione todas as opções aplicáveis./Comunicações do programador
PSL_DATA_USAGE_RESPONSES:PSL_OTHER_MESSAGES:DATA_USAGE_SHARING_PURPOSE,PSL_FRAUD_PREVENTION_SECURITY,,MULTIPLE_CHOICE,"Utilização e tratamento de dados (Outras mensagens na app)/Por que motivo estes dados do utilizador são partilhados? Selecione todas as opções aplicáveis./Prevenção de fraudes, segurança e conformidade"
PSL_DATA_USAGE_RESPONSES:PSL_OTHER_MESSAGES:DATA_USAGE_SHARING_PURPOSE,PSL_ADVERTISING,,MULTIPLE_CHOICE,Utilização e tratamento de dados (Outras mensagens na app)/Por que motivo estes dados do utilizador são partilhados? Selecione todas as opções aplicáveis./Publicidade ou marketing
PSL_DATA_USAGE_RESPONSES:PSL_OTHER_MESSAGES:DATA_USAGE_SHARING_PURPOSE,PSL_PERSONALIZATION,,MULTIPLE_CHOICE,Utilização e tratamento de dados (Outras mensagens na app)/Por que motivo estes dados do utilizador são partilhados? Selecione todas as opções aplicáveis./Personalização
PSL_DATA_USAGE_RESPONSES:PSL_OTHER_MESSAGES:DATA_USAGE_SHARING_PURPOSE,PSL_ACCOUNT_MANAGEMENT,,MULTIPLE_CHOICE,Utilização e tratamento de dados (Outras mensagens na app)/Por que motivo estes dados do utilizador são partilhados? Selecione todas as opções aplicáveis./Gestão da conta
PSL_DATA_USAGE_RESPONSES:PSL_PHOTOS:PSL_DATA_USAGE_COLLECTION_AND_SHARING,PSL_DATA_USAGE_ONLY_COLLECTED,,MULTIPLE_CHOICE,"Utilização e tratamento de dados (Fotos)/Estes dados são recolhidos, partilhados ou ambos?/Recolhidos"
PSL_DATA_USAGE_RESPONSES:PSL_PHOTOS:PSL_DATA_USAGE_COLLECTION_AND_SHARING,PSL_DATA_USAGE_ONLY_SHARED,,MULTIPLE_CHOICE,"Utilização e tratamento de dados (Fotos)/Estes dados são recolhidos, partilhados ou ambos?/Partilhado"
PSL_DATA_USAGE_RESPONSES:PSL_PHOTOS:PSL_DATA_USAGE_EPHEMERAL,,,MAYBE_REQUIRED,Utilização e tratamento de dados (Fotos)/Estes dados são tratados efemeramente?
PSL_DATA_USAGE_RESPONSES:PSL_PHOTOS:DATA_USAGE_USER_CONTROL,PSL_DATA_USAGE_USER_CONTROL_OPTIONAL,,SINGLE_CHOICE,Utilização e tratamento de dados (Fotos)/Estes dados são necessários para a sua app ou os utilizadores podem escolher se são recolhidos?/Os utilizadores podem escolher se estes dados são recolhidos
PSL_DATA_USAGE_RESPONSES:PSL_PHOTOS:DATA_USAGE_USER_CONTROL,PSL_DATA_USAGE_USER_CONTROL_REQUIRED,,SINGLE_CHOICE,Utilização e tratamento de dados (Fotos)/Estes dados são necessários para a sua app ou os utilizadores podem escolher se são recolhidos?/A recolha de dados é necessária (os utilizadores não podem desativar esta recolha de dados)
PSL_DATA_USAGE_RESPONSES:PSL_PHOTOS:DATA_USAGE_COLLECTION_PURPOSE,PSL_APP_FUNCTIONALITY,,MULTIPLE_CHOICE,Utilização e tratamento de dados (Fotos)/Por que motivo estes dados do utilizador são recolhidos? Selecione todas as opções aplicáveis./Funcionalidade da app
PSL_DATA_USAGE_RESPONSES:PSL_PHOTOS:DATA_USAGE_COLLECTION_PURPOSE,PSL_ANALYTICS,,MULTIPLE_CHOICE,Utilização e tratamento de dados (Fotos)/Por que motivo estes dados do utilizador são recolhidos? Selecione todas as opções aplicáveis./Análise
PSL_DATA_USAGE_RESPONSES:PSL_PHOTOS:DATA_USAGE_COLLECTION_PURPOSE,PSL_DEVELOPER_COMMUNICATIONS,,MULTIPLE_CHOICE,Utilização e tratamento de dados (Fotos)/Por que motivo estes dados do utilizador são recolhidos? Selecione todas as opções aplicáveis./Comunicações do programador
PSL_DATA_USAGE_RESPONSES:PSL_PHOTOS:DATA_USAGE_COLLECTION_PURPOSE,PSL_FRAUD_PREVENTION_SECURITY,,MULTIPLE_CHOICE,"Utilização e tratamento de dados (Fotos)/Por que motivo estes dados do utilizador são recolhidos? Selecione todas as opções aplicáveis./Prevenção de fraudes, segurança e conformidade"
PSL_DATA_USAGE_RESPONSES:PSL_PHOTOS:DATA_USAGE_COLLECTION_PURPOSE,PSL_ADVERTISING,,MULTIPLE_CHOICE,Utilização e tratamento de dados (Fotos)/Por que motivo estes dados do utilizador são recolhidos? Selecione todas as opções aplicáveis./Publicidade ou marketing
PSL_DATA_USAGE_RESPONSES:PSL_PHOTOS:DATA_USAGE_COLLECTION_PURPOSE,PSL_PERSONALIZATION,,MULTIPLE_CHOICE,Utilização e tratamento de dados (Fotos)/Por que motivo estes dados do utilizador são recolhidos? Selecione todas as opções aplicáveis./Personalização
PSL_DATA_USAGE_RESPONSES:PSL_PHOTOS:DATA_USAGE_COLLECTION_PURPOSE,PSL_ACCOUNT_MANAGEMENT,,MULTIPLE_CHOICE,Utilização e tratamento de dados (Fotos)/Por que motivo estes dados do utilizador são recolhidos? Selecione todas as opções aplicáveis./Gestão da conta
PSL_DATA_USAGE_RESPONSES:PSL_PHOTOS:DATA_USAGE_SHARING_PURPOSE,PSL_APP_FUNCTIONALITY,,MULTIPLE_CHOICE,Utilização e tratamento de dados (Fotos)/Por que motivo estes dados do utilizador são partilhados? Selecione todas as opções aplicáveis./Funcionalidade da app
PSL_DATA_USAGE_RESPONSES:PSL_PHOTOS:DATA_USAGE_SHARING_PURPOSE,PSL_ANALYTICS,,MULTIPLE_CHOICE,Utilização e tratamento de dados (Fotos)/Por que motivo estes dados do utilizador são partilhados? Selecione todas as opções aplicáveis./Análise
PSL_DATA_USAGE_RESPONSES:PSL_PHOTOS:DATA_USAGE_SHARING_PURPOSE,PSL_DEVELOPER_COMMUNICATIONS,,MULTIPLE_CHOICE,Utilização e tratamento de dados (Fotos)/Por que motivo estes dados do utilizador são partilhados? Selecione todas as opções aplicáveis./Comunicações do programador
PSL_DATA_USAGE_RESPONSES:PSL_PHOTOS:DATA_USAGE_SHARING_PURPOSE,PSL_FRAUD_PREVENTION_SECURITY,,MULTIPLE_CHOICE,"Utilização e tratamento de dados (Fotos)/Por que motivo estes dados do utilizador são partilhados? Selecione todas as opções aplicáveis./Prevenção de fraudes, segurança e conformidade"
PSL_DATA_USAGE_RESPONSES:PSL_PHOTOS:DATA_USAGE_SHARING_PURPOSE,PSL_ADVERTISING,,MULTIPLE_CHOICE,Utilização e tratamento de dados (Fotos)/Por que motivo estes dados do utilizador são partilhados? Selecione todas as opções aplicáveis./Publicidade ou marketing
PSL_DATA_USAGE_RESPONSES:PSL_PHOTOS:DATA_USAGE_SHARING_PURPOSE,PSL_PERSONALIZATION,,MULTIPLE_CHOICE,Utilização e tratamento de dados (Fotos)/Por que motivo estes dados do utilizador são partilhados? Selecione todas as opções aplicáveis./Personalização
PSL_DATA_USAGE_RESPONSES:PSL_PHOTOS:DATA_USAGE_SHARING_PURPOSE,PSL_ACCOUNT_MANAGEMENT,,MULTIPLE_CHOICE,Utilização e tratamento de dados (Fotos)/Por que motivo estes dados do utilizador são partilhados? Selecione todas as opções aplicáveis./Gestão da conta
PSL_DATA_USAGE_RESPONSES:PSL_VIDEOS:PSL_DATA_USAGE_COLLECTION_AND_SHARING,PSL_DATA_USAGE_ONLY_COLLECTED,,MULTIPLE_CHOICE,"Utilização e tratamento de dados (Vídeos)/Estes dados são recolhidos, partilhados ou ambos?/Recolhidos"
PSL_DATA_USAGE_RESPONSES:PSL_VIDEOS:PSL_DATA_USAGE_COLLECTION_AND_SHARING,PSL_DATA_USAGE_ONLY_SHARED,,MULTIPLE_CHOICE,"Utilização e tratamento de dados (Vídeos)/Estes dados são recolhidos, partilhados ou ambos?/Partilhado"
PSL_DATA_USAGE_RESPONSES:PSL_VIDEOS:PSL_DATA_USAGE_EPHEMERAL,,,MAYBE_REQUIRED,Utilização e tratamento de dados (Vídeos)/Estes dados são tratados efemeramente?
PSL_DATA_USAGE_RESPONSES:PSL_VIDEOS:DATA_USAGE_USER_CONTROL,PSL_DATA_USAGE_USER_CONTROL_OPTIONAL,,SINGLE_CHOICE,Utilização e tratamento de dados (Vídeos)/Estes dados são necessários para a sua app ou os utilizadores podem escolher se são recolhidos?/Os utilizadores podem escolher se estes dados são recolhidos
PSL_DATA_USAGE_RESPONSES:PSL_VIDEOS:DATA_USAGE_USER_CONTROL,PSL_DATA_USAGE_USER_CONTROL_REQUIRED,,SINGLE_CHOICE,Utilização e tratamento de dados (Vídeos)/Estes dados são necessários para a sua app ou os utilizadores podem escolher se são recolhidos?/A recolha de dados é necessária (os utilizadores não podem desativar esta recolha de dados)
PSL_DATA_USAGE_RESPONSES:PSL_VIDEOS:DATA_USAGE_COLLECTION_PURPOSE,PSL_APP_FUNCTIONALITY,,MULTIPLE_CHOICE,Utilização e tratamento de dados (Vídeos)/Por que motivo estes dados do utilizador são recolhidos? Selecione todas as opções aplicáveis./Funcionalidade da app
PSL_DATA_USAGE_RESPONSES:PSL_VIDEOS:DATA_USAGE_COLLECTION_PURPOSE,PSL_ANALYTICS,,MULTIPLE_CHOICE,Utilização e tratamento de dados (Vídeos)/Por que motivo estes dados do utilizador são recolhidos? Selecione todas as opções aplicáveis./Análise
PSL_DATA_USAGE_RESPONSES:PSL_VIDEOS:DATA_USAGE_COLLECTION_PURPOSE,PSL_DEVELOPER_COMMUNICATIONS,,MULTIPLE_CHOICE,Utilização e tratamento de dados (Vídeos)/Por que motivo estes dados do utilizador são recolhidos? Selecione todas as opções aplicáveis./Comunicações do programador
PSL_DATA_USAGE_RESPONSES:PSL_VIDEOS:DATA_USAGE_COLLECTION_PURPOSE,PSL_FRAUD_PREVENTION_SECURITY,,MULTIPLE_CHOICE,"Utilização e tratamento de dados (Vídeos)/Por que motivo estes dados do utilizador são recolhidos? Selecione todas as opções aplicáveis./Prevenção de fraudes, segurança e conformidade"
PSL_DATA_USAGE_RESPONSES:PSL_VIDEOS:DATA_USAGE_COLLECTION_PURPOSE,PSL_ADVERTISING,,MULTIPLE_CHOICE,Utilização e tratamento de dados (Vídeos)/Por que motivo estes dados do utilizador são recolhidos? Selecione todas as opções aplicáveis./Publicidade ou marketing
PSL_DATA_USAGE_RESPONSES:PSL_VIDEOS:DATA_USAGE_COLLECTION_PURPOSE,PSL_PERSONALIZATION,,MULTIPLE_CHOICE,Utilização e tratamento de dados (Vídeos)/Por que motivo estes dados do utilizador são recolhidos? Selecione todas as opções aplicáveis./Personalização
PSL_DATA_USAGE_RESPONSES:PSL_VIDEOS:DATA_USAGE_COLLECTION_PURPOSE,PSL_ACCOUNT_MANAGEMENT,,MULTIPLE_CHOICE,Utilização e tratamento de dados (Vídeos)/Por que motivo estes dados do utilizador são recolhidos? Selecione todas as opções aplicáveis./Gestão da conta
PSL_DATA_USAGE_RESPONSES:PSL_VIDEOS:DATA_USAGE_SHARING_PURPOSE,PSL_APP_FUNCTIONALITY,,MULTIPLE_CHOICE,Utilização e tratamento de dados (Vídeos)/Por que motivo estes dados do utilizador são partilhados? Selecione todas as opções aplicáveis./Funcionalidade da app
PSL_DATA_USAGE_RESPONSES:PSL_VIDEOS:DATA_USAGE_SHARING_PURPOSE,PSL_ANALYTICS,,MULTIPLE_CHOICE,Utilização e tratamento de dados (Vídeos)/Por que motivo estes dados do utilizador são partilhados? Selecione todas as opções aplicáveis./Análise
PSL_DATA_USAGE_RESPONSES:PSL_VIDEOS:DATA_USAGE_SHARING_PURPOSE,PSL_DEVELOPER_COMMUNICATIONS,,MULTIPLE_CHOICE,Utilização e tratamento de dados (Vídeos)/Por que motivo estes dados do utilizador são partilhados? Selecione todas as opções aplicáveis./Comunicações do programador
PSL_DATA_USAGE_RESPONSES:PSL_VIDEOS:DATA_USAGE_SHARING_PURPOSE,PSL_FRAUD_PREVENTION_SECURITY,,MULTIPLE_CHOICE,"Utilização e tratamento de dados (Vídeos)/Por que motivo estes dados do utilizador são partilhados? Selecione todas as opções aplicáveis./Prevenção de fraudes, segurança e conformidade"
PSL_DATA_USAGE_RESPONSES:PSL_VIDEOS:DATA_USAGE_SHARING_PURPOSE,PSL_ADVERTISING,,MULTIPLE_CHOICE,Utilização e tratamento de dados (Vídeos)/Por que motivo estes dados do utilizador são partilhados? Selecione todas as opções aplicáveis./Publicidade ou marketing
PSL_DATA_USAGE_RESPONSES:PSL_VIDEOS:DATA_USAGE_SHARING_PURPOSE,PSL_PERSONALIZATION,,MULTIPLE_CHOICE,Utilização e tratamento de dados (Vídeos)/Por que motivo estes dados do utilizador são partilhados? Selecione todas as opções aplicáveis./Personalização
PSL_DATA_USAGE_RESPONSES:PSL_VIDEOS:DATA_USAGE_SHARING_PURPOSE,PSL_ACCOUNT_MANAGEMENT,,MULTIPLE_CHOICE,Utilização e tratamento de dados (Vídeos)/Por que motivo estes dados do utilizador são partilhados? Selecione todas as opções aplicáveis./Gestão da conta
PSL_DATA_USAGE_RESPONSES:PSL_AUDIO:PSL_DATA_USAGE_COLLECTION_AND_SHARING,PSL_DATA_USAGE_ONLY_COLLECTED,,MULTIPLE_CHOICE,"Utilização e tratamento de dados (Gravações de voz ou de som)/Estes dados são recolhidos, partilhados ou ambos?/Recolhidos"
PSL_DATA_USAGE_RESPONSES:PSL_AUDIO:PSL_DATA_USAGE_COLLECTION_AND_SHARING,PSL_DATA_USAGE_ONLY_SHARED,,MULTIPLE_CHOICE,"Utilização e tratamento de dados (Gravações de voz ou de som)/Estes dados são recolhidos, partilhados ou ambos?/Partilhado"
PSL_DATA_USAGE_RESPONSES:PSL_AUDIO:PSL_DATA_USAGE_EPHEMERAL,,,MAYBE_REQUIRED,Utilização e tratamento de dados (Gravações de voz ou de som)/Estes dados são tratados efemeramente?
PSL_DATA_USAGE_RESPONSES:PSL_AUDIO:DATA_USAGE_USER_CONTROL,PSL_DATA_USAGE_USER_CONTROL_OPTIONAL,,SINGLE_CHOICE,Utilização e tratamento de dados (Gravações de voz ou de som)/Estes dados são necessários para a sua app ou os utilizadores podem escolher se são recolhidos?/Os utilizadores podem escolher se estes dados são recolhidos
PSL_DATA_USAGE_RESPONSES:PSL_AUDIO:DATA_USAGE_USER_CONTROL,PSL_DATA_USAGE_USER_CONTROL_REQUIRED,,SINGLE_CHOICE,Utilização e tratamento de dados (Gravações de voz ou de som)/Estes dados são necessários para a sua app ou os utilizadores podem escolher se são recolhidos?/A recolha de dados é necessária (os utilizadores não podem desativar esta recolha de dados)
PSL_DATA_USAGE_RESPONSES:PSL_AUDIO:DATA_USAGE_COLLECTION_PURPOSE,PSL_APP_FUNCTIONALITY,,MULTIPLE_CHOICE,Utilização e tratamento de dados (Gravações de voz ou de som)/Por que motivo estes dados do utilizador são recolhidos? Selecione todas as opções aplicáveis./Funcionalidade da app
PSL_DATA_USAGE_RESPONSES:PSL_AUDIO:DATA_USAGE_COLLECTION_PURPOSE,PSL_ANALYTICS,,MULTIPLE_CHOICE,Utilização e tratamento de dados (Gravações de voz ou de som)/Por que motivo estes dados do utilizador são recolhidos? Selecione todas as opções aplicáveis./Análise
PSL_DATA_USAGE_RESPONSES:PSL_AUDIO:DATA_USAGE_COLLECTION_PURPOSE,PSL_DEVELOPER_COMMUNICATIONS,,MULTIPLE_CHOICE,Utilização e tratamento de dados (Gravações de voz ou de som)/Por que motivo estes dados do utilizador são recolhidos? Selecione todas as opções aplicáveis./Comunicações do programador
PSL_DATA_USAGE_RESPONSES:PSL_AUDIO:DATA_USAGE_COLLECTION_PURPOSE,PSL_FRAUD_PREVENTION_SECURITY,,MULTIPLE_CHOICE,"Utilização e tratamento de dados (Gravações de voz ou de som)/Por que motivo estes dados do utilizador são recolhidos? Selecione todas as opções aplicáveis./Prevenção de fraudes, segurança e conformidade"
PSL_DATA_USAGE_RESPONSES:PSL_AUDIO:DATA_USAGE_COLLECTION_PURPOSE,PSL_ADVERTISING,,MULTIPLE_CHOICE,Utilização e tratamento de dados (Gravações de voz ou de som)/Por que motivo estes dados do utilizador são recolhidos? Selecione todas as opções aplicáveis./Publicidade ou marketing
PSL_DATA_USAGE_RESPONSES:PSL_AUDIO:DATA_USAGE_COLLECTION_PURPOSE,PSL_PERSONALIZATION,,MULTIPLE_CHOICE,Utilização e tratamento de dados (Gravações de voz ou de som)/Por que motivo estes dados do utilizador são recolhidos? Selecione todas as opções aplicáveis./Personalização
PSL_DATA_USAGE_RESPONSES:PSL_AUDIO:DATA_USAGE_COLLECTION_PURPOSE,PSL_ACCOUNT_MANAGEMENT,,MULTIPLE_CHOICE,Utilização e tratamento de dados (Gravações de voz ou de som)/Por que motivo estes dados do utilizador são recolhidos? Selecione todas as opções aplicáveis./Gestão da conta
PSL_DATA_USAGE_RESPONSES:PSL_AUDIO:DATA_USAGE_SHARING_PURPOSE,PSL_APP_FUNCTIONALITY,,MULTIPLE_CHOICE,Utilização e tratamento de dados (Gravações de voz ou de som)/Por que motivo estes dados do utilizador são partilhados? Selecione todas as opções aplicáveis./Funcionalidade da app
PSL_DATA_USAGE_RESPONSES:PSL_AUDIO:DATA_USAGE_SHARING_PURPOSE,PSL_ANALYTICS,,MULTIPLE_CHOICE,Utilização e tratamento de dados (Gravações de voz ou de som)/Por que motivo estes dados do utilizador são partilhados? Selecione todas as opções aplicáveis./Análise
PSL_DATA_USAGE_RESPONSES:PSL_AUDIO:DATA_USAGE_SHARING_PURPOSE,PSL_DEVELOPER_COMMUNICATIONS,,MULTIPLE_CHOICE,Utilização e tratamento de dados (Gravações de voz ou de som)/Por que motivo estes dados do utilizador são partilhados? Selecione todas as opções aplicáveis./Comunicações do programador
PSL_DATA_USAGE_RESPONSES:PSL_AUDIO:DATA_USAGE_SHARING_PURPOSE,PSL_FRAUD_PREVENTION_SECURITY,,MULTIPLE_CHOICE,"Utilização e tratamento de dados (Gravações de voz ou de som)/Por que motivo estes dados do utilizador são partilhados? Selecione todas as opções aplicáveis./Prevenção de fraudes, segurança e conformidade"
PSL_DATA_USAGE_RESPONSES:PSL_AUDIO:DATA_USAGE_SHARING_PURPOSE,PSL_ADVERTISING,,MULTIPLE_CHOICE,Utilização e tratamento de dados (Gravações de voz ou de som)/Por que motivo estes dados do utilizador são partilhados? Selecione todas as opções aplicáveis./Publicidade ou marketing
PSL_DATA_USAGE_RESPONSES:PSL_AUDIO:DATA_USAGE_SHARING_PURPOSE,PSL_PERSONALIZATION,,MULTIPLE_CHOICE,Utilização e tratamento de dados (Gravações de voz ou de som)/Por que motivo estes dados do utilizador são partilhados? Selecione todas as opções aplicáveis./Personalização
PSL_DATA_USAGE_RESPONSES:PSL_AUDIO:DATA_USAGE_SHARING_PURPOSE,PSL_ACCOUNT_MANAGEMENT,,MULTIPLE_CHOICE,Utilização e tratamento de dados (Gravações de voz ou de som)/Por que motivo estes dados do utilizador são partilhados? Selecione todas as opções aplicáveis./Gestão da conta
PSL_DATA_USAGE_RESPONSES:PSL_MUSIC:PSL_DATA_USAGE_COLLECTION_AND_SHARING,PSL_DATA_USAGE_ONLY_COLLECTED,,MULTIPLE_CHOICE,"Utilização e tratamento de dados (Ficheiros de música)/Estes dados são recolhidos, partilhados ou ambos?/Recolhidos"
PSL_DATA_USAGE_RESPONSES:PSL_MUSIC:PSL_DATA_USAGE_COLLECTION_AND_SHARING,PSL_DATA_USAGE_ONLY_SHARED,,MULTIPLE_CHOICE,"Utilização e tratamento de dados (Ficheiros de música)/Estes dados são recolhidos, partilhados ou ambos?/Partilhado"
PSL_DATA_USAGE_RESPONSES:PSL_MUSIC:PSL_DATA_USAGE_EPHEMERAL,,,MAYBE_REQUIRED,Utilização e tratamento de dados (Ficheiros de música)/Estes dados são tratados efemeramente?
PSL_DATA_USAGE_RESPONSES:PSL_MUSIC:DATA_USAGE_USER_CONTROL,PSL_DATA_USAGE_USER_CONTROL_OPTIONAL,,SINGLE_CHOICE,Utilização e tratamento de dados (Ficheiros de música)/Estes dados são necessários para a sua app ou os utilizadores podem escolher se são recolhidos?/Os utilizadores podem escolher se estes dados são recolhidos
PSL_DATA_USAGE_RESPONSES:PSL_MUSIC:DATA_USAGE_USER_CONTROL,PSL_DATA_USAGE_USER_CONTROL_REQUIRED,,SINGLE_CHOICE,Utilização e tratamento de dados (Ficheiros de música)/Estes dados são necessários para a sua app ou os utilizadores podem escolher se são recolhidos?/A recolha de dados é necessária (os utilizadores não podem desativar esta recolha de dados)
PSL_DATA_USAGE_RESPONSES:PSL_MUSIC:DATA_USAGE_COLLECTION_PURPOSE,PSL_APP_FUNCTIONALITY,,MULTIPLE_CHOICE,Utilização e tratamento de dados (Ficheiros de música)/Por que motivo estes dados do utilizador são recolhidos? Selecione todas as opções aplicáveis./Funcionalidade da app
PSL_DATA_USAGE_RESPONSES:PSL_MUSIC:DATA_USAGE_COLLECTION_PURPOSE,PSL_ANALYTICS,,MULTIPLE_CHOICE,Utilização e tratamento de dados (Ficheiros de música)/Por que motivo estes dados do utilizador são recolhidos? Selecione todas as opções aplicáveis./Análise
PSL_DATA_USAGE_RESPONSES:PSL_MUSIC:DATA_USAGE_COLLECTION_PURPOSE,PSL_DEVELOPER_COMMUNICATIONS,,MULTIPLE_CHOICE,Utilização e tratamento de dados (Ficheiros de música)/Por que motivo estes dados do utilizador são recolhidos? Selecione todas as opções aplicáveis./Comunicações do programador
PSL_DATA_USAGE_RESPONSES:PSL_MUSIC:DATA_USAGE_COLLECTION_PURPOSE,PSL_FRAUD_PREVENTION_SECURITY,,MULTIPLE_CHOICE,"Utilização e tratamento de dados (Ficheiros de música)/Por que motivo estes dados do utilizador são recolhidos? Selecione todas as opções aplicáveis./Prevenção de fraudes, segurança e conformidade"
PSL_DATA_USAGE_RESPONSES:PSL_MUSIC:DATA_USAGE_COLLECTION_PURPOSE,PSL_ADVERTISING,,MULTIPLE_CHOICE,Utilização e tratamento de dados (Ficheiros de música)/Por que motivo estes dados do utilizador são recolhidos? Selecione todas as opções aplicáveis./Publicidade ou marketing
PSL_DATA_USAGE_RESPONSES:PSL_MUSIC:DATA_USAGE_COLLECTION_PURPOSE,PSL_PERSONALIZATION,,MULTIPLE_CHOICE,Utilização e tratamento de dados (Ficheiros de música)/Por que motivo estes dados do utilizador são recolhidos? Selecione todas as opções aplicáveis./Personalização
PSL_DATA_USAGE_RESPONSES:PSL_MUSIC:DATA_USAGE_COLLECTION_PURPOSE,PSL_ACCOUNT_MANAGEMENT,,MULTIPLE_CHOICE,Utilização e tratamento de dados (Ficheiros de música)/Por que motivo estes dados do utilizador são recolhidos? Selecione todas as opções aplicáveis./Gestão da conta
PSL_DATA_USAGE_RESPONSES:PSL_MUSIC:DATA_USAGE_SHARING_PURPOSE,PSL_APP_FUNCTIONALITY,,MULTIPLE_CHOICE,Utilização e tratamento de dados (Ficheiros de música)/Por que motivo estes dados do utilizador são partilhados? Selecione todas as opções aplicáveis./Funcionalidade da app
PSL_DATA_USAGE_RESPONSES:PSL_MUSIC:DATA_USAGE_SHARING_PURPOSE,PSL_ANALYTICS,,MULTIPLE_CHOICE,Utilização e tratamento de dados (Ficheiros de música)/Por que motivo estes dados do utilizador são partilhados? Selecione todas as opções aplicáveis./Análise
PSL_DATA_USAGE_RESPONSES:PSL_MUSIC:DATA_USAGE_SHARING_PURPOSE,PSL_DEVELOPER_COMMUNICATIONS,,MULTIPLE_CHOICE,Utilização e tratamento de dados (Ficheiros de música)/Por que motivo estes dados do utilizador são partilhados? Selecione todas as opções aplicáveis./Comunicações do programador
PSL_DATA_USAGE_RESPONSES:PSL_MUSIC:DATA_USAGE_SHARING_PURPOSE,PSL_FRAUD_PREVENTION_SECURITY,,MULTIPLE_CHOICE,"Utilização e tratamento de dados (Ficheiros de música)/Por que motivo estes dados do utilizador são partilhados? Selecione todas as opções aplicáveis./Prevenção de fraudes, segurança e conformidade"
PSL_DATA_USAGE_RESPONSES:PSL_MUSIC:DATA_USAGE_SHARING_PURPOSE,PSL_ADVERTISING,,MULTIPLE_CHOICE,Utilização e tratamento de dados (Ficheiros de música)/Por que motivo estes dados do utilizador são partilhados? Selecione todas as opções aplicáveis./Publicidade ou marketing
PSL_DATA_USAGE_RESPONSES:PSL_MUSIC:DATA_USAGE_SHARING_PURPOSE,PSL_PERSONALIZATION,,MULTIPLE_CHOICE,Utilização e tratamento de dados (Ficheiros de música)/Por que motivo estes dados do utilizador são partilhados? Selecione todas as opções aplicáveis./Personalização
PSL_DATA_USAGE_RESPONSES:PSL_MUSIC:DATA_USAGE_SHARING_PURPOSE,PSL_ACCOUNT_MANAGEMENT,,MULTIPLE_CHOICE,Utilização e tratamento de dados (Ficheiros de música)/Por que motivo estes dados do utilizador são partilhados? Selecione todas as opções aplicáveis./Gestão da conta
PSL_DATA_USAGE_RESPONSES:PSL_OTHER_AUDIO:PSL_DATA_USAGE_COLLECTION_AND_SHARING,PSL_DATA_USAGE_ONLY_COLLECTED,,MULTIPLE_CHOICE,"Utilização e tratamento de dados (Outros ficheiros de áudio)/Estes dados são recolhidos, partilhados ou ambos?/Recolhidos"
PSL_DATA_USAGE_RESPONSES:PSL_OTHER_AUDIO:PSL_DATA_USAGE_COLLECTION_AND_SHARING,PSL_DATA_USAGE_ONLY_SHARED,,MULTIPLE_CHOICE,"Utilização e tratamento de dados (Outros ficheiros de áudio)/Estes dados são recolhidos, partilhados ou ambos?/Partilhado"
PSL_DATA_USAGE_RESPONSES:PSL_OTHER_AUDIO:PSL_DATA_USAGE_EPHEMERAL,,,MAYBE_REQUIRED,Utilização e tratamento de dados (Outros ficheiros de áudio)/Estes dados são tratados efemeramente?
PSL_DATA_USAGE_RESPONSES:PSL_OTHER_AUDIO:DATA_USAGE_USER_CONTROL,PSL_DATA_USAGE_USER_CONTROL_OPTIONAL,,SINGLE_CHOICE,Utilização e tratamento de dados (Outros ficheiros de áudio)/Estes dados são necessários para a sua app ou os utilizadores podem escolher se são recolhidos?/Os utilizadores podem escolher se estes dados são recolhidos
PSL_DATA_USAGE_RESPONSES:PSL_OTHER_AUDIO:DATA_USAGE_USER_CONTROL,PSL_DATA_USAGE_USER_CONTROL_REQUIRED,,SINGLE_CHOICE,Utilização e tratamento de dados (Outros ficheiros de áudio)/Estes dados são necessários para a sua app ou os utilizadores podem escolher se são recolhidos?/A recolha de dados é necessária (os utilizadores não podem desativar esta recolha de dados)
PSL_DATA_USAGE_RESPONSES:PSL_OTHER_AUDIO:DATA_USAGE_COLLECTION_PURPOSE,PSL_APP_FUNCTIONALITY,,MULTIPLE_CHOICE,Utilização e tratamento de dados (Outros ficheiros de áudio)/Por que motivo estes dados do utilizador são recolhidos? Selecione todas as opções aplicáveis./Funcionalidade da app
PSL_DATA_USAGE_RESPONSES:PSL_OTHER_AUDIO:DATA_USAGE_COLLECTION_PURPOSE,PSL_ANALYTICS,,MULTIPLE_CHOICE,Utilização e tratamento de dados (Outros ficheiros de áudio)/Por que motivo estes dados do utilizador são recolhidos? Selecione todas as opções aplicáveis./Análise
PSL_DATA_USAGE_RESPONSES:PSL_OTHER_AUDIO:DATA_USAGE_COLLECTION_PURPOSE,PSL_DEVELOPER_COMMUNICATIONS,,MULTIPLE_CHOICE,Utilização e tratamento de dados (Outros ficheiros de áudio)/Por que motivo estes dados do utilizador são recolhidos? Selecione todas as opções aplicáveis./Comunicações do programador
PSL_DATA_USAGE_RESPONSES:PSL_OTHER_AUDIO:DATA_USAGE_COLLECTION_PURPOSE,PSL_FRAUD_PREVENTION_SECURITY,,MULTIPLE_CHOICE,"Utilização e tratamento de dados (Outros ficheiros de áudio)/Por que motivo estes dados do utilizador são recolhidos? Selecione todas as opções aplicáveis./Prevenção de fraudes, segurança e conformidade"
PSL_DATA_USAGE_RESPONSES:PSL_OTHER_AUDIO:DATA_USAGE_COLLECTION_PURPOSE,PSL_ADVERTISING,,MULTIPLE_CHOICE,Utilização e tratamento de dados (Outros ficheiros de áudio)/Por que motivo estes dados do utilizador são recolhidos? Selecione todas as opções aplicáveis./Publicidade ou marketing
PSL_DATA_USAGE_RESPONSES:PSL_OTHER_AUDIO:DATA_USAGE_COLLECTION_PURPOSE,PSL_PERSONALIZATION,,MULTIPLE_CHOICE,Utilização e tratamento de dados (Outros ficheiros de áudio)/Por que motivo estes dados do utilizador são recolhidos? Selecione todas as opções aplicáveis./Personalização
PSL_DATA_USAGE_RESPONSES:PSL_OTHER_AUDIO:DATA_USAGE_COLLECTION_PURPOSE,PSL_ACCOUNT_MANAGEMENT,,MULTIPLE_CHOICE,Utilização e tratamento de dados (Outros ficheiros de áudio)/Por que motivo estes dados do utilizador são recolhidos? Selecione todas as opções aplicáveis./Gestão da conta
PSL_DATA_USAGE_RESPONSES:PSL_OTHER_AUDIO:DATA_USAGE_SHARING_PURPOSE,PSL_APP_FUNCTIONALITY,,MULTIPLE_CHOICE,Utilização e tratamento de dados (Outros ficheiros de áudio)/Por que motivo estes dados do utilizador são partilhados? Selecione todas as opções aplicáveis./Funcionalidade da app
PSL_DATA_USAGE_RESPONSES:PSL_OTHER_AUDIO:DATA_USAGE_SHARING_PURPOSE,PSL_ANALYTICS,,MULTIPLE_CHOICE,Utilização e tratamento de dados (Outros ficheiros de áudio)/Por que motivo estes dados do utilizador são partilhados? Selecione todas as opções aplicáveis./Análise
PSL_DATA_USAGE_RESPONSES:PSL_OTHER_AUDIO:DATA_USAGE_SHARING_PURPOSE,PSL_DEVELOPER_COMMUNICATIONS,,MULTIPLE_CHOICE,Utilização e tratamento de dados (Outros ficheiros de áudio)/Por que motivo estes dados do utilizador são partilhados? Selecione todas as opções aplicáveis./Comunicações do programador
PSL_DATA_USAGE_RESPONSES:PSL_OTHER_AUDIO:DATA_USAGE_SHARING_PURPOSE,PSL_FRAUD_PREVENTION_SECURITY,,MULTIPLE_CHOICE,"Utilização e tratamento de dados (Outros ficheiros de áudio)/Por que motivo estes dados do utilizador são partilhados? Selecione todas as opções aplicáveis./Prevenção de fraudes, segurança e conformidade"
PSL_DATA_USAGE_RESPONSES:PSL_OTHER_AUDIO:DATA_USAGE_SHARING_PURPOSE,PSL_ADVERTISING,,MULTIPLE_CHOICE,Utilização e tratamento de dados (Outros ficheiros de áudio)/Por que motivo estes dados do utilizador são partilhados? Selecione todas as opções aplicáveis./Publicidade ou marketing
PSL_DATA_USAGE_RESPONSES:PSL_OTHER_AUDIO:DATA_USAGE_SHARING_PURPOSE,PSL_PERSONALIZATION,,MULTIPLE_CHOICE,Utilização e tratamento de dados (Outros ficheiros de áudio)/Por que motivo estes dados do utilizador são partilhados? Selecione todas as opções aplicáveis./Personalização
PSL_DATA_USAGE_RESPONSES:PSL_OTHER_AUDIO:DATA_USAGE_SHARING_PURPOSE,PSL_ACCOUNT_MANAGEMENT,,MULTIPLE_CHOICE,Utilização e tratamento de dados (Outros ficheiros de áudio)/Por que motivo estes dados do utilizador são partilhados? Selecione todas as opções aplicáveis./Gestão da conta
PSL_DATA_USAGE_RESPONSES:PSL_HEALTH:PSL_DATA_USAGE_COLLECTION_AND_SHARING,PSL_DATA_USAGE_ONLY_COLLECTED,,MULTIPLE_CHOICE,"Utilização e tratamento de dados (Informações de saúde)/Estes dados são recolhidos, partilhados ou ambos?/Recolhidos"
PSL_DATA_USAGE_RESPONSES:PSL_HEALTH:PSL_DATA_USAGE_COLLECTION_AND_SHARING,PSL_DATA_USAGE_ONLY_SHARED,,MULTIPLE_CHOICE,"Utilização e tratamento de dados (Informações de saúde)/Estes dados são recolhidos, partilhados ou ambos?/Partilhado"
PSL_DATA_USAGE_RESPONSES:PSL_HEALTH:PSL_DATA_USAGE_EPHEMERAL,,,MAYBE_REQUIRED,Utilização e tratamento de dados (Informações de saúde)/Estes dados são tratados efemeramente?
PSL_DATA_USAGE_RESPONSES:PSL_HEALTH:DATA_USAGE_USER_CONTROL,PSL_DATA_USAGE_USER_CONTROL_OPTIONAL,,SINGLE_CHOICE,Utilização e tratamento de dados (Informações de saúde)/Estes dados são necessários para a sua app ou os utilizadores podem escolher se são recolhidos?/Os utilizadores podem escolher se estes dados são recolhidos
PSL_DATA_USAGE_RESPONSES:PSL_HEALTH:DATA_USAGE_USER_CONTROL,PSL_DATA_USAGE_USER_CONTROL_REQUIRED,,SINGLE_CHOICE,Utilização e tratamento de dados (Informações de saúde)/Estes dados são necessários para a sua app ou os utilizadores podem escolher se são recolhidos?/A recolha de dados é necessária (os utilizadores não podem desativar esta recolha de dados)
PSL_DATA_USAGE_RESPONSES:PSL_HEALTH:DATA_USAGE_COLLECTION_PURPOSE,PSL_APP_FUNCTIONALITY,,MULTIPLE_CHOICE,Utilização e tratamento de dados (Informações de saúde)/Por que motivo estes dados do utilizador são recolhidos? Selecione todas as opções aplicáveis./Funcionalidade da app
PSL_DATA_USAGE_RESPONSES:PSL_HEALTH:DATA_USAGE_COLLECTION_PURPOSE,PSL_ANALYTICS,,MULTIPLE_CHOICE,Utilização e tratamento de dados (Informações de saúde)/Por que motivo estes dados do utilizador são recolhidos? Selecione todas as opções aplicáveis./Análise
PSL_DATA_USAGE_RESPONSES:PSL_HEALTH:DATA_USAGE_COLLECTION_PURPOSE,PSL_DEVELOPER_COMMUNICATIONS,,MULTIPLE_CHOICE,Utilização e tratamento de dados (Informações de saúde)/Por que motivo estes dados do utilizador são recolhidos? Selecione todas as opções aplicáveis./Comunicações do programador
PSL_DATA_USAGE_RESPONSES:PSL_HEALTH:DATA_USAGE_COLLECTION_PURPOSE,PSL_FRAUD_PREVENTION_SECURITY,,MULTIPLE_CHOICE,"Utilização e tratamento de dados (Informações de saúde)/Por que motivo estes dados do utilizador são recolhidos? Selecione todas as opções aplicáveis./Prevenção de fraudes, segurança e conformidade"
PSL_DATA_USAGE_RESPONSES:PSL_HEALTH:DATA_USAGE_COLLECTION_PURPOSE,PSL_ADVERTISING,,MULTIPLE_CHOICE,Utilização e tratamento de dados (Informações de saúde)/Por que motivo estes dados do utilizador são recolhidos? Selecione todas as opções aplicáveis./Publicidade ou marketing
PSL_DATA_USAGE_RESPONSES:PSL_HEALTH:DATA_USAGE_COLLECTION_PURPOSE,PSL_PERSONALIZATION,,MULTIPLE_CHOICE,Utilização e tratamento de dados (Informações de saúde)/Por que motivo estes dados do utilizador são recolhidos? Selecione todas as opções aplicáveis./Personalização
PSL_DATA_USAGE_RESPONSES:PSL_HEALTH:DATA_USAGE_COLLECTION_PURPOSE,PSL_ACCOUNT_MANAGEMENT,,MULTIPLE_CHOICE,Utilização e tratamento de dados (Informações de saúde)/Por que motivo estes dados do utilizador são recolhidos? Selecione todas as opções aplicáveis./Gestão da conta
PSL_DATA_USAGE_RESPONSES:PSL_HEALTH:DATA_USAGE_SHARING_PURPOSE,PSL_APP_FUNCTIONALITY,,MULTIPLE_CHOICE,Utilização e tratamento de dados (Informações de saúde)/Por que motivo estes dados do utilizador são partilhados? Selecione todas as opções aplicáveis./Funcionalidade da app
PSL_DATA_USAGE_RESPONSES:PSL_HEALTH:DATA_USAGE_SHARING_PURPOSE,PSL_ANALYTICS,,MULTIPLE_CHOICE,Utilização e tratamento de dados (Informações de saúde)/Por que motivo estes dados do utilizador são partilhados? Selecione todas as opções aplicáveis./Análise
PSL_DATA_USAGE_RESPONSES:PSL_HEALTH:DATA_USAGE_SHARING_PURPOSE,PSL_DEVELOPER_COMMUNICATIONS,,MULTIPLE_CHOICE,Utilização e tratamento de dados (Informações de saúde)/Por que motivo estes dados do utilizador são partilhados? Selecione todas as opções aplicáveis./Comunicações do programador
PSL_DATA_USAGE_RESPONSES:PSL_HEALTH:DATA_USAGE_SHARING_PURPOSE,PSL_FRAUD_PREVENTION_SECURITY,,MULTIPLE_CHOICE,"Utilização e tratamento de dados (Informações de saúde)/Por que motivo estes dados do utilizador são partilhados? Selecione todas as opções aplicáveis./Prevenção de fraudes, segurança e conformidade"
PSL_DATA_USAGE_RESPONSES:PSL_HEALTH:DATA_USAGE_SHARING_PURPOSE,PSL_ADVERTISING,,MULTIPLE_CHOICE,Utilização e tratamento de dados (Informações de saúde)/Por que motivo estes dados do utilizador são partilhados? Selecione todas as opções aplicáveis./Publicidade ou marketing
PSL_DATA_USAGE_RESPONSES:PSL_HEALTH:DATA_USAGE_SHARING_PURPOSE,PSL_PERSONALIZATION,,MULTIPLE_CHOICE,Utilização e tratamento de dados (Informações de saúde)/Por que motivo estes dados do utilizador são partilhados? Selecione todas as opções aplicáveis./Personalização
PSL_DATA_USAGE_RESPONSES:PSL_HEALTH:DATA_USAGE_SHARING_PURPOSE,PSL_ACCOUNT_MANAGEMENT,,MULTIPLE_CHOICE,Utilização e tratamento de dados (Informações de saúde)/Por que motivo estes dados do utilizador são partilhados? Selecione todas as opções aplicáveis./Gestão da conta
PSL_DATA_USAGE_RESPONSES:PSL_FITNESS:PSL_DATA_USAGE_COLLECTION_AND_SHARING,PSL_DATA_USAGE_ONLY_COLLECTED,,MULTIPLE_CHOICE,"Utilização e tratamento de dados (Informações de fitness)/Estes dados são recolhidos, partilhados ou ambos?/Recolhidos"
PSL_DATA_USAGE_RESPONSES:PSL_FITNESS:PSL_DATA_USAGE_COLLECTION_AND_SHARING,PSL_DATA_USAGE_ONLY_SHARED,,MULTIPLE_CHOICE,"Utilização e tratamento de dados (Informações de fitness)/Estes dados são recolhidos, partilhados ou ambos?/Partilhado"
PSL_DATA_USAGE_RESPONSES:PSL_FITNESS:PSL_DATA_USAGE_EPHEMERAL,,,MAYBE_REQUIRED,Utilização e tratamento de dados (Informações de fitness)/Estes dados são tratados efemeramente?
PSL_DATA_USAGE_RESPONSES:PSL_FITNESS:DATA_USAGE_USER_CONTROL,PSL_DATA_USAGE_USER_CONTROL_OPTIONAL,,SINGLE_CHOICE,Utilização e tratamento de dados (Informações de fitness)/Estes dados são necessários para a sua app ou os utilizadores podem escolher se são recolhidos?/Os utilizadores podem escolher se estes dados são recolhidos
PSL_DATA_USAGE_RESPONSES:PSL_FITNESS:DATA_USAGE_USER_CONTROL,PSL_DATA_USAGE_USER_CONTROL_REQUIRED,,SINGLE_CHOICE,Utilização e tratamento de dados (Informações de fitness)/Estes dados são necessários para a sua app ou os utilizadores podem escolher se são recolhidos?/A recolha de dados é necessária (os utilizadores não podem desativar esta recolha de dados)
PSL_DATA_USAGE_RESPONSES:PSL_FITNESS:DATA_USAGE_COLLECTION_PURPOSE,PSL_APP_FUNCTIONALITY,,MULTIPLE_CHOICE,Utilização e tratamento de dados (Informações de fitness)/Por que motivo estes dados do utilizador são recolhidos? Selecione todas as opções aplicáveis./Funcionalidade da app
PSL_DATA_USAGE_RESPONSES:PSL_FITNESS:DATA_USAGE_COLLECTION_PURPOSE,PSL_ANALYTICS,,MULTIPLE_CHOICE,Utilização e tratamento de dados (Informações de fitness)/Por que motivo estes dados do utilizador são recolhidos? Selecione todas as opções aplicáveis./Análise
PSL_DATA_USAGE_RESPONSES:PSL_FITNESS:DATA_USAGE_COLLECTION_PURPOSE,PSL_DEVELOPER_COMMUNICATIONS,,MULTIPLE_CHOICE,Utilização e tratamento de dados (Informações de fitness)/Por que motivo estes dados do utilizador são recolhidos? Selecione todas as opções aplicáveis./Comunicações do programador
PSL_DATA_USAGE_RESPONSES:PSL_FITNESS:DATA_USAGE_COLLECTION_PURPOSE,PSL_FRAUD_PREVENTION_SECURITY,,MULTIPLE_CHOICE,"Utilização e tratamento de dados (Informações de fitness)/Por que motivo estes dados do utilizador são recolhidos? Selecione todas as opções aplicáveis./Prevenção de fraudes, segurança e conformidade"
PSL_DATA_USAGE_RESPONSES:PSL_FITNESS:DATA_USAGE_COLLECTION_PURPOSE,PSL_ADVERTISING,,MULTIPLE_CHOICE,Utilização e tratamento de dados (Informações de fitness)/Por que motivo estes dados do utilizador são recolhidos? Selecione todas as opções aplicáveis./Publicidade ou marketing
PSL_DATA_USAGE_RESPONSES:PSL_FITNESS:DATA_USAGE_COLLECTION_PURPOSE,PSL_PERSONALIZATION,,MULTIPLE_CHOICE,Utilização e tratamento de dados (Informações de fitness)/Por que motivo estes dados do utilizador são recolhidos? Selecione todas as opções aplicáveis./Personalização
PSL_DATA_USAGE_RESPONSES:PSL_FITNESS:DATA_USAGE_COLLECTION_PURPOSE,PSL_ACCOUNT_MANAGEMENT,,MULTIPLE_CHOICE,Utilização e tratamento de dados (Informações de fitness)/Por que motivo estes dados do utilizador são recolhidos? Selecione todas as opções aplicáveis./Gestão da conta
PSL_DATA_USAGE_RESPONSES:PSL_FITNESS:DATA_USAGE_SHARING_PURPOSE,PSL_APP_FUNCTIONALITY,,MULTIPLE_CHOICE,Utilização e tratamento de dados (Informações de fitness)/Por que motivo estes dados do utilizador são partilhados? Selecione todas as opções aplicáveis./Funcionalidade da app
PSL_DATA_USAGE_RESPONSES:PSL_FITNESS:DATA_USAGE_SHARING_PURPOSE,PSL_ANALYTICS,,MULTIPLE_CHOICE,Utilização e tratamento de dados (Informações de fitness)/Por que motivo estes dados do utilizador são partilhados? Selecione todas as opções aplicáveis./Análise
PSL_DATA_USAGE_RESPONSES:PSL_FITNESS:DATA_USAGE_SHARING_PURPOSE,PSL_DEVELOPER_COMMUNICATIONS,,MULTIPLE_CHOICE,Utilização e tratamento de dados (Informações de fitness)/Por que motivo estes dados do utilizador são partilhados? Selecione todas as opções aplicáveis./Comunicações do programador
PSL_DATA_USAGE_RESPONSES:PSL_FITNESS:DATA_USAGE_SHARING_PURPOSE,PSL_FRAUD_PREVENTION_SECURITY,,MULTIPLE_CHOICE,"Utilização e tratamento de dados (Informações de fitness)/Por que motivo estes dados do utilizador são partilhados? Selecione todas as opções aplicáveis./Prevenção de fraudes, segurança e conformidade"
PSL_DATA_USAGE_RESPONSES:PSL_FITNESS:DATA_USAGE_SHARING_PURPOSE,PSL_ADVERTISING,,MULTIPLE_CHOICE,Utilização e tratamento de dados (Informações de fitness)/Por que motivo estes dados do utilizador são partilhados? Selecione todas as opções aplicáveis./Publicidade ou marketing
PSL_DATA_USAGE_RESPONSES:PSL_FITNESS:DATA_USAGE_SHARING_PURPOSE,PSL_PERSONALIZATION,,MULTIPLE_CHOICE,Utilização e tratamento de dados (Informações de fitness)/Por que motivo estes dados do utilizador são partilhados? Selecione todas as opções aplicáveis./Personalização
PSL_DATA_USAGE_RESPONSES:PSL_FITNESS:DATA_USAGE_SHARING_PURPOSE,PSL_ACCOUNT_MANAGEMENT,,MULTIPLE_CHOICE,Utilização e tratamento de dados (Informações de fitness)/Por que motivo estes dados do utilizador são partilhados? Selecione todas as opções aplicáveis./Gestão da conta
PSL_DATA_USAGE_RESPONSES:PSL_CONTACTS:PSL_DATA_USAGE_COLLECTION_AND_SHARING,PSL_DATA_USAGE_ONLY_COLLECTED,,MULTIPLE_CHOICE,"Utilização e tratamento de dados (Contactos)/Estes dados são recolhidos, partilhados ou ambos?/Recolhidos"
PSL_DATA_USAGE_RESPONSES:PSL_CONTACTS:PSL_DATA_USAGE_COLLECTION_AND_SHARING,PSL_DATA_USAGE_ONLY_SHARED,,MULTIPLE_CHOICE,"Utilização e tratamento de dados (Contactos)/Estes dados são recolhidos, partilhados ou ambos?/Partilhado"
PSL_DATA_USAGE_RESPONSES:PSL_CONTACTS:PSL_DATA_USAGE_EPHEMERAL,,,MAYBE_REQUIRED,Utilização e tratamento de dados (Contactos)/Estes dados são tratados efemeramente?
PSL_DATA_USAGE_RESPONSES:PSL_CONTACTS:DATA_USAGE_USER_CONTROL,PSL_DATA_USAGE_USER_CONTROL_OPTIONAL,,SINGLE_CHOICE,Utilização e tratamento de dados (Contactos)/Estes dados são necessários para a sua app ou os utilizadores podem escolher se são recolhidos?/Os utilizadores podem escolher se estes dados são recolhidos
PSL_DATA_USAGE_RESPONSES:PSL_CONTACTS:DATA_USAGE_USER_CONTROL,PSL_DATA_USAGE_USER_CONTROL_REQUIRED,,SINGLE_CHOICE,Utilização e tratamento de dados (Contactos)/Estes dados são necessários para a sua app ou os utilizadores podem escolher se são recolhidos?/A recolha de dados é necessária (os utilizadores não podem desativar esta recolha de dados)
PSL_DATA_USAGE_RESPONSES:PSL_CONTACTS:DATA_USAGE_COLLECTION_PURPOSE,PSL_APP_FUNCTIONALITY,,MULTIPLE_CHOICE,Utilização e tratamento de dados (Contactos)/Por que motivo estes dados do utilizador são recolhidos? Selecione todas as opções aplicáveis./Funcionalidade da app
PSL_DATA_USAGE_RESPONSES:PSL_CONTACTS:DATA_USAGE_COLLECTION_PURPOSE,PSL_ANALYTICS,,MULTIPLE_CHOICE,Utilização e tratamento de dados (Contactos)/Por que motivo estes dados do utilizador são recolhidos? Selecione todas as opções aplicáveis./Análise
PSL_DATA_USAGE_RESPONSES:PSL_CONTACTS:DATA_USAGE_COLLECTION_PURPOSE,PSL_DEVELOPER_COMMUNICATIONS,,MULTIPLE_CHOICE,Utilização e tratamento de dados (Contactos)/Por que motivo estes dados do utilizador são recolhidos? Selecione todas as opções aplicáveis./Comunicações do programador
PSL_DATA_USAGE_RESPONSES:PSL_CONTACTS:DATA_USAGE_COLLECTION_PURPOSE,PSL_FRAUD_PREVENTION_SECURITY,,MULTIPLE_CHOICE,"Utilização e tratamento de dados (Contactos)/Por que motivo estes dados do utilizador são recolhidos? Selecione todas as opções aplicáveis./Prevenção de fraudes, segurança e conformidade"
PSL_DATA_USAGE_RESPONSES:PSL_CONTACTS:DATA_USAGE_COLLECTION_PURPOSE,PSL_ADVERTISING,,MULTIPLE_CHOICE,Utilização e tratamento de dados (Contactos)/Por que motivo estes dados do utilizador são recolhidos? Selecione todas as opções aplicáveis./Publicidade ou marketing
PSL_DATA_USAGE_RESPONSES:PSL_CONTACTS:DATA_USAGE_COLLECTION_PURPOSE,PSL_PERSONALIZATION,,MULTIPLE_CHOICE,Utilização e tratamento de dados (Contactos)/Por que motivo estes dados do utilizador são recolhidos? Selecione todas as opções aplicáveis./Personalização
PSL_DATA_USAGE_RESPONSES:PSL_CONTACTS:DATA_USAGE_COLLECTION_PURPOSE,PSL_ACCOUNT_MANAGEMENT,,MULTIPLE_CHOICE,Utilização e tratamento de dados (Contactos)/Por que motivo estes dados do utilizador são recolhidos? Selecione todas as opções aplicáveis./Gestão da conta
PSL_DATA_USAGE_RESPONSES:PSL_CONTACTS:DATA_USAGE_SHARING_PURPOSE,PSL_APP_FUNCTIONALITY,,MULTIPLE_CHOICE,Utilização e tratamento de dados (Contactos)/Por que motivo estes dados do utilizador são partilhados? Selecione todas as opções aplicáveis./Funcionalidade da app
PSL_DATA_USAGE_RESPONSES:PSL_CONTACTS:DATA_USAGE_SHARING_PURPOSE,PSL_ANALYTICS,,MULTIPLE_CHOICE,Utilização e tratamento de dados (Contactos)/Por que motivo estes dados do utilizador são partilhados? Selecione todas as opções aplicáveis./Análise
PSL_DATA_USAGE_RESPONSES:PSL_CONTACTS:DATA_USAGE_SHARING_PURPOSE,PSL_DEVELOPER_COMMUNICATIONS,,MULTIPLE_CHOICE,Utilização e tratamento de dados (Contactos)/Por que motivo estes dados do utilizador são partilhados? Selecione todas as opções aplicáveis./Comunicações do programador
PSL_DATA_USAGE_RESPONSES:PSL_CONTACTS:DATA_USAGE_SHARING_PURPOSE,PSL_FRAUD_PREVENTION_SECURITY,,MULTIPLE_CHOICE,"Utilização e tratamento de dados (Contactos)/Por que motivo estes dados do utilizador são partilhados? Selecione todas as opções aplicáveis./Prevenção de fraudes, segurança e conformidade"
PSL_DATA_USAGE_RESPONSES:PSL_CONTACTS:DATA_USAGE_SHARING_PURPOSE,PSL_ADVERTISING,,MULTIPLE_CHOICE,Utilização e tratamento de dados (Contactos)/Por que motivo estes dados do utilizador são partilhados? Selecione todas as opções aplicáveis./Publicidade ou marketing
PSL_DATA_USAGE_RESPONSES:PSL_CONTACTS:DATA_USAGE_SHARING_PURPOSE,PSL_PERSONALIZATION,,MULTIPLE_CHOICE,Utilização e tratamento de dados (Contactos)/Por que motivo estes dados do utilizador são partilhados? Selecione todas as opções aplicáveis./Personalização
PSL_DATA_USAGE_RESPONSES:PSL_CONTACTS:DATA_USAGE_SHARING_PURPOSE,PSL_ACCOUNT_MANAGEMENT,,MULTIPLE_CHOICE,Utilização e tratamento de dados (Contactos)/Por que motivo estes dados do utilizador são partilhados? Selecione todas as opções aplicáveis./Gestão da conta
PSL_DATA_USAGE_RESPONSES:PSL_CALENDAR:PSL_DATA_USAGE_COLLECTION_AND_SHARING,PSL_DATA_USAGE_ONLY_COLLECTED,,MULTIPLE_CHOICE,"Utilização e tratamento de dados (Eventos do calendário)/Estes dados são recolhidos, partilhados ou ambos?/Recolhidos"
PSL_DATA_USAGE_RESPONSES:PSL_CALENDAR:PSL_DATA_USAGE_COLLECTION_AND_SHARING,PSL_DATA_USAGE_ONLY_SHARED,,MULTIPLE_CHOICE,"Utilização e tratamento de dados (Eventos do calendário)/Estes dados são recolhidos, partilhados ou ambos?/Partilhado"
PSL_DATA_USAGE_RESPONSES:PSL_CALENDAR:PSL_DATA_USAGE_EPHEMERAL,,,MAYBE_REQUIRED,Utilização e tratamento de dados (Eventos do calendário)/Estes dados são tratados efemeramente?
PSL_DATA_USAGE_RESPONSES:PSL_CALENDAR:DATA_USAGE_USER_CONTROL,PSL_DATA_USAGE_USER_CONTROL_OPTIONAL,,SINGLE_CHOICE,Utilização e tratamento de dados (Eventos do calendário)/Estes dados são necessários para a sua app ou os utilizadores podem escolher se são recolhidos?/Os utilizadores podem escolher se estes dados são recolhidos
PSL_DATA_USAGE_RESPONSES:PSL_CALENDAR:DATA_USAGE_USER_CONTROL,PSL_DATA_USAGE_USER_CONTROL_REQUIRED,,SINGLE_CHOICE,Utilização e tratamento de dados (Eventos do calendário)/Estes dados são necessários para a sua app ou os utilizadores podem escolher se são recolhidos?/A recolha de dados é necessária (os utilizadores não podem desativar esta recolha de dados)
PSL_DATA_USAGE_RESPONSES:PSL_CALENDAR:DATA_USAGE_COLLECTION_PURPOSE,PSL_APP_FUNCTIONALITY,,MULTIPLE_CHOICE,Utilização e tratamento de dados (Eventos do calendário)/Por que motivo estes dados do utilizador são recolhidos? Selecione todas as opções aplicáveis./Funcionalidade da app
PSL_DATA_USAGE_RESPONSES:PSL_CALENDAR:DATA_USAGE_COLLECTION_PURPOSE,PSL_ANALYTICS,,MULTIPLE_CHOICE,Utilização e tratamento de dados (Eventos do calendário)/Por que motivo estes dados do utilizador são recolhidos? Selecione todas as opções aplicáveis./Análise
PSL_DATA_USAGE_RESPONSES:PSL_CALENDAR:DATA_USAGE_COLLECTION_PURPOSE,PSL_DEVELOPER_COMMUNICATIONS,,MULTIPLE_CHOICE,Utilização e tratamento de dados (Eventos do calendário)/Por que motivo estes dados do utilizador são recolhidos? Selecione todas as opções aplicáveis./Comunicações do programador
PSL_DATA_USAGE_RESPONSES:PSL_CALENDAR:DATA_USAGE_COLLECTION_PURPOSE,PSL_FRAUD_PREVENTION_SECURITY,,MULTIPLE_CHOICE,"Utilização e tratamento de dados (Eventos do calendário)/Por que motivo estes dados do utilizador são recolhidos? Selecione todas as opções aplicáveis./Prevenção de fraudes, segurança e conformidade"
PSL_DATA_USAGE_RESPONSES:PSL_CALENDAR:DATA_USAGE_COLLECTION_PURPOSE,PSL_ADVERTISING,,MULTIPLE_CHOICE,Utilização e tratamento de dados (Eventos do calendário)/Por que motivo estes dados do utilizador são recolhidos? Selecione todas as opções aplicáveis./Publicidade ou marketing
PSL_DATA_USAGE_RESPONSES:PSL_CALENDAR:DATA_USAGE_COLLECTION_PURPOSE,PSL_PERSONALIZATION,,MULTIPLE_CHOICE,Utilização e tratamento de dados (Eventos do calendário)/Por que motivo estes dados do utilizador são recolhidos? Selecione todas as opções aplicáveis./Personalização
PSL_DATA_USAGE_RESPONSES:PSL_CALENDAR:DATA_USAGE_COLLECTION_PURPOSE,PSL_ACCOUNT_MANAGEMENT,,MULTIPLE_CHOICE,Utilização e tratamento de dados (Eventos do calendário)/Por que motivo estes dados do utilizador são recolhidos? Selecione todas as opções aplicáveis./Gestão da conta
PSL_DATA_USAGE_RESPONSES:PSL_CALENDAR:DATA_USAGE_SHARING_PURPOSE,PSL_APP_FUNCTIONALITY,,MULTIPLE_CHOICE,Utilização e tratamento de dados (Eventos do calendário)/Por que motivo estes dados do utilizador são partilhados? Selecione todas as opções aplicáveis./Funcionalidade da app
PSL_DATA_USAGE_RESPONSES:PSL_CALENDAR:DATA_USAGE_SHARING_PURPOSE,PSL_ANALYTICS,,MULTIPLE_CHOICE,Utilização e tratamento de dados (Eventos do calendário)/Por que motivo estes dados do utilizador são partilhados? Selecione todas as opções aplicáveis./Análise
PSL_DATA_USAGE_RESPONSES:PSL_CALENDAR:DATA_USAGE_SHARING_PURPOSE,PSL_DEVELOPER_COMMUNICATIONS,,MULTIPLE_CHOICE,Utilização e tratamento de dados (Eventos do calendário)/Por que motivo estes dados do utilizador são partilhados? Selecione todas as opções aplicáveis./Comunicações do programador
PSL_DATA_USAGE_RESPONSES:PSL_CALENDAR:DATA_USAGE_SHARING_PURPOSE,PSL_FRAUD_PREVENTION_SECURITY,,MULTIPLE_CHOICE,"Utilização e tratamento de dados (Eventos do calendário)/Por que motivo estes dados do utilizador são partilhados? Selecione todas as opções aplicáveis./Prevenção de fraudes, segurança e conformidade"
PSL_DATA_USAGE_RESPONSES:PSL_CALENDAR:DATA_USAGE_SHARING_PURPOSE,PSL_ADVERTISING,,MULTIPLE_CHOICE,Utilização e tratamento de dados (Eventos do calendário)/Por que motivo estes dados do utilizador são partilhados? Selecione todas as opções aplicáveis./Publicidade ou marketing
PSL_DATA_USAGE_RESPONSES:PSL_CALENDAR:DATA_USAGE_SHARING_PURPOSE,PSL_PERSONALIZATION,,MULTIPLE_CHOICE,Utilização e tratamento de dados (Eventos do calendário)/Por que motivo estes dados do utilizador são partilhados? Selecione todas as opções aplicáveis./Personalização
PSL_DATA_USAGE_RESPONSES:PSL_CALENDAR:DATA_USAGE_SHARING_PURPOSE,PSL_ACCOUNT_MANAGEMENT,,MULTIPLE_CHOICE,Utilização e tratamento de dados (Eventos do calendário)/Por que motivo estes dados do utilizador são partilhados? Selecione todas as opções aplicáveis./Gestão da conta
PSL_DATA_USAGE_RESPONSES:PSL_CRASH_LOGS:PSL_DATA_USAGE_COLLECTION_AND_SHARING,PSL_DATA_USAGE_ONLY_COLLECTED,,MULTIPLE_CHOICE,"Utilização e tratamento de dados (Registos de falhas)/Estes dados são recolhidos, partilhados ou ambos?/Recolhidos"
PSL_DATA_USAGE_RESPONSES:PSL_CRASH_LOGS:PSL_DATA_USAGE_COLLECTION_AND_SHARING,PSL_DATA_USAGE_ONLY_SHARED,,MULTIPLE_CHOICE,"Utilização e tratamento de dados (Registos de falhas)/Estes dados são recolhidos, partilhados ou ambos?/Partilhado"
PSL_DATA_USAGE_RESPONSES:PSL_CRASH_LOGS:PSL_DATA_USAGE_EPHEMERAL,,,MAYBE_REQUIRED,Utilização e tratamento de dados (Registos de falhas)/Estes dados são tratados efemeramente?
PSL_DATA_USAGE_RESPONSES:PSL_CRASH_LOGS:DATA_USAGE_USER_CONTROL,PSL_DATA_USAGE_USER_CONTROL_OPTIONAL,,SINGLE_CHOICE,Utilização e tratamento de dados (Registos de falhas)/Estes dados são necessários para a sua app ou os utilizadores podem escolher se são recolhidos?/Os utilizadores podem escolher se estes dados são recolhidos
PSL_DATA_USAGE_RESPONSES:PSL_CRASH_LOGS:DATA_USAGE_USER_CONTROL,PSL_DATA_USAGE_USER_CONTROL_REQUIRED,,SINGLE_CHOICE,Utilização e tratamento de dados (Registos de falhas)/Estes dados são necessários para a sua app ou os utilizadores podem escolher se são recolhidos?/A recolha de dados é necessária (os utilizadores não podem desativar esta recolha de dados)
PSL_DATA_USAGE_RESPONSES:PSL_CRASH_LOGS:DATA_USAGE_COLLECTION_PURPOSE,PSL_APP_FUNCTIONALITY,,MULTIPLE_CHOICE,Utilização e tratamento de dados (Registos de falhas)/Por que motivo estes dados do utilizador são recolhidos? Selecione todas as opções aplicáveis./Funcionalidade da app
PSL_DATA_USAGE_RESPONSES:PSL_CRASH_LOGS:DATA_USAGE_COLLECTION_PURPOSE,PSL_ANALYTICS,,MULTIPLE_CHOICE,Utilização e tratamento de dados (Registos de falhas)/Por que motivo estes dados do utilizador são recolhidos? Selecione todas as opções aplicáveis./Análise
PSL_DATA_USAGE_RESPONSES:PSL_CRASH_LOGS:DATA_USAGE_COLLECTION_PURPOSE,PSL_DEVELOPER_COMMUNICATIONS,,MULTIPLE_CHOICE,Utilização e tratamento de dados (Registos de falhas)/Por que motivo estes dados do utilizador são recolhidos? Selecione todas as opções aplicáveis./Comunicações do programador
PSL_DATA_USAGE_RESPONSES:PSL_CRASH_LOGS:DATA_USAGE_COLLECTION_PURPOSE,PSL_FRAUD_PREVENTION_SECURITY,,MULTIPLE_CHOICE,"Utilização e tratamento de dados (Registos de falhas)/Por que motivo estes dados do utilizador são recolhidos? Selecione todas as opções aplicáveis./Prevenção de fraudes, segurança e conformidade"
PSL_DATA_USAGE_RESPONSES:PSL_CRASH_LOGS:DATA_USAGE_COLLECTION_PURPOSE,PSL_ADVERTISING,,MULTIPLE_CHOICE,Utilização e tratamento de dados (Registos de falhas)/Por que motivo estes dados do utilizador são recolhidos? Selecione todas as opções aplicáveis./Publicidade ou marketing
PSL_DATA_USAGE_RESPONSES:PSL_CRASH_LOGS:DATA_USAGE_COLLECTION_PURPOSE,PSL_PERSONALIZATION,,MULTIPLE_CHOICE,Utilização e tratamento de dados (Registos de falhas)/Por que motivo estes dados do utilizador são recolhidos? Selecione todas as opções aplicáveis./Personalização
PSL_DATA_USAGE_RESPONSES:PSL_CRASH_LOGS:DATA_USAGE_COLLECTION_PURPOSE,PSL_ACCOUNT_MANAGEMENT,,MULTIPLE_CHOICE,Utilização e tratamento de dados (Registos de falhas)/Por que motivo estes dados do utilizador são recolhidos? Selecione todas as opções aplicáveis./Gestão da conta
PSL_DATA_USAGE_RESPONSES:PSL_CRASH_LOGS:DATA_USAGE_SHARING_PURPOSE,PSL_APP_FUNCTIONALITY,,MULTIPLE_CHOICE,Utilização e tratamento de dados (Registos de falhas)/Por que motivo estes dados do utilizador são partilhados? Selecione todas as opções aplicáveis./Funcionalidade da app
PSL_DATA_USAGE_RESPONSES:PSL_CRASH_LOGS:DATA_USAGE_SHARING_PURPOSE,PSL_ANALYTICS,,MULTIPLE_CHOICE,Utilização e tratamento de dados (Registos de falhas)/Por que motivo estes dados do utilizador são partilhados? Selecione todas as opções aplicáveis./Análise
PSL_DATA_USAGE_RESPONSES:PSL_CRASH_LOGS:DATA_USAGE_SHARING_PURPOSE,PSL_DEVELOPER_COMMUNICATIONS,,MULTIPLE_CHOICE,Utilização e tratamento de dados (Registos de falhas)/Por que motivo estes dados do utilizador são partilhados? Selecione todas as opções aplicáveis./Comunicações do programador
PSL_DATA_USAGE_RESPONSES:PSL_CRASH_LOGS:DATA_USAGE_SHARING_PURPOSE,PSL_FRAUD_PREVENTION_SECURITY,,MULTIPLE_CHOICE,"Utilização e tratamento de dados (Registos de falhas)/Por que motivo estes dados do utilizador são partilhados? Selecione todas as opções aplicáveis./Prevenção de fraudes, segurança e conformidade"
PSL_DATA_USAGE_RESPONSES:PSL_CRASH_LOGS:DATA_USAGE_SHARING_PURPOSE,PSL_ADVERTISING,,MULTIPLE_CHOICE,Utilização e tratamento de dados (Registos de falhas)/Por que motivo estes dados do utilizador são partilhados? Selecione todas as opções aplicáveis./Publicidade ou marketing
PSL_DATA_USAGE_RESPONSES:PSL_CRASH_LOGS:DATA_USAGE_SHARING_PURPOSE,PSL_PERSONALIZATION,,MULTIPLE_CHOICE,Utilização e tratamento de dados (Registos de falhas)/Por que motivo estes dados do utilizador são partilhados? Selecione todas as opções aplicáveis./Personalização
PSL_DATA_USAGE_RESPONSES:PSL_CRASH_LOGS:DATA_USAGE_SHARING_PURPOSE,PSL_ACCOUNT_MANAGEMENT,,MULTIPLE_CHOICE,Utilização e tratamento de dados (Registos de falhas)/Por que motivo estes dados do utilizador são partilhados? Selecione todas as opções aplicáveis./Gestão da conta
PSL_DATA_USAGE_RESPONSES:PSL_PERFORMANCE_DIAGNOSTICS:PSL_DATA_USAGE_COLLECTION_AND_SHARING,PSL_DATA_USAGE_ONLY_COLLECTED,,MULTIPLE_CHOICE,"Utilização e tratamento de dados (Diagnósticos)/Estes dados são recolhidos, partilhados ou ambos?/Recolhidos"
PSL_DATA_USAGE_RESPONSES:PSL_PERFORMANCE_DIAGNOSTICS:PSL_DATA_USAGE_COLLECTION_AND_SHARING,PSL_DATA_USAGE_ONLY_SHARED,,MULTIPLE_CHOICE,"Utilização e tratamento de dados (Diagnósticos)/Estes dados são recolhidos, partilhados ou ambos?/Partilhado"
PSL_DATA_USAGE_RESPONSES:PSL_PERFORMANCE_DIAGNOSTICS:PSL_DATA_USAGE_EPHEMERAL,,,MAYBE_REQUIRED,Utilização e tratamento de dados (Diagnósticos)/Estes dados são tratados efemeramente?
PSL_DATA_USAGE_RESPONSES:PSL_PERFORMANCE_DIAGNOSTICS:DATA_USAGE_USER_CONTROL,PSL_DATA_USAGE_USER_CONTROL_OPTIONAL,,SINGLE_CHOICE,Utilização e tratamento de dados (Diagnósticos)/Estes dados são necessários para a sua app ou os utilizadores podem escolher se são recolhidos?/Os utilizadores podem escolher se estes dados são recolhidos
PSL_DATA_USAGE_RESPONSES:PSL_PERFORMANCE_DIAGNOSTICS:DATA_USAGE_USER_CONTROL,PSL_DATA_USAGE_USER_CONTROL_REQUIRED,,SINGLE_CHOICE,Utilização e tratamento de dados (Diagnósticos)/Estes dados são necessários para a sua app ou os utilizadores podem escolher se são recolhidos?/A recolha de dados é necessária (os utilizadores não podem desativar esta recolha de dados)
PSL_DATA_USAGE_RESPONSES:PSL_PERFORMANCE_DIAGNOSTICS:DATA_USAGE_COLLECTION_PURPOSE,PSL_APP_FUNCTIONALITY,,MULTIPLE_CHOICE,Utilização e tratamento de dados (Diagnósticos)/Por que motivo estes dados do utilizador são recolhidos? Selecione todas as opções aplicáveis./Funcionalidade da app
PSL_DATA_USAGE_RESPONSES:PSL_PERFORMANCE_DIAGNOSTICS:DATA_USAGE_COLLECTION_PURPOSE,PSL_ANALYTICS,,MULTIPLE_CHOICE,Utilização e tratamento de dados (Diagnósticos)/Por que motivo estes dados do utilizador são recolhidos? Selecione todas as opções aplicáveis./Análise
PSL_DATA_USAGE_RESPONSES:PSL_PERFORMANCE_DIAGNOSTICS:DATA_USAGE_COLLECTION_PURPOSE,PSL_DEVELOPER_COMMUNICATIONS,,MULTIPLE_CHOICE,Utilização e tratamento de dados (Diagnósticos)/Por que motivo estes dados do utilizador são recolhidos? Selecione todas as opções aplicáveis./Comunicações do programador
PSL_DATA_USAGE_RESPONSES:PSL_PERFORMANCE_DIAGNOSTICS:DATA_USAGE_COLLECTION_PURPOSE,PSL_FRAUD_PREVENTION_SECURITY,,MULTIPLE_CHOICE,"Utilização e tratamento de dados (Diagnósticos)/Por que motivo estes dados do utilizador são recolhidos? Selecione todas as opções aplicáveis./Prevenção de fraudes, segurança e conformidade"
PSL_DATA_USAGE_RESPONSES:PSL_PERFORMANCE_DIAGNOSTICS:DATA_USAGE_COLLECTION_PURPOSE,PSL_ADVERTISING,,MULTIPLE_CHOICE,Utilização e tratamento de dados (Diagnósticos)/Por que motivo estes dados do utilizador são recolhidos? Selecione todas as opções aplicáveis./Publicidade ou marketing
PSL_DATA_USAGE_RESPONSES:PSL_PERFORMANCE_DIAGNOSTICS:DATA_USAGE_COLLECTION_PURPOSE,PSL_PERSONALIZATION,,MULTIPLE_CHOICE,Utilização e tratamento de dados (Diagnósticos)/Por que motivo estes dados do utilizador são recolhidos? Selecione todas as opções aplicáveis./Personalização
PSL_DATA_USAGE_RESPONSES:PSL_PERFORMANCE_DIAGNOSTICS:DATA_USAGE_COLLECTION_PURPOSE,PSL_ACCOUNT_MANAGEMENT,,MULTIPLE_CHOICE,Utilização e tratamento de dados (Diagnósticos)/Por que motivo estes dados do utilizador são recolhidos? Selecione todas as opções aplicáveis./Gestão da conta
PSL_DATA_USAGE_RESPONSES:PSL_PERFORMANCE_DIAGNOSTICS:DATA_USAGE_SHARING_PURPOSE,PSL_APP_FUNCTIONALITY,,MULTIPLE_CHOICE,Utilização e tratamento de dados (Diagnósticos)/Por que motivo estes dados do utilizador são partilhados? Selecione todas as opções aplicáveis./Funcionalidade da app
PSL_DATA_USAGE_RESPONSES:PSL_PERFORMANCE_DIAGNOSTICS:DATA_USAGE_SHARING_PURPOSE,PSL_ANALYTICS,,MULTIPLE_CHOICE,Utilização e tratamento de dados (Diagnósticos)/Por que motivo estes dados do utilizador são partilhados? Selecione todas as opções aplicáveis./Análise
PSL_DATA_USAGE_RESPONSES:PSL_PERFORMANCE_DIAGNOSTICS:DATA_USAGE_SHARING_PURPOSE,PSL_DEVELOPER_COMMUNICATIONS,,MULTIPLE_CHOICE,Utilização e tratamento de dados (Diagnósticos)/Por que motivo estes dados do utilizador são partilhados? Selecione todas as opções aplicáveis./Comunicações do programador
PSL_DATA_USAGE_RESPONSES:PSL_PERFORMANCE_DIAGNOSTICS:DATA_USAGE_SHARING_PURPOSE,PSL_FRAUD_PREVENTION_SECURITY,,MULTIPLE_CHOICE,"Utilização e tratamento de dados (Diagnósticos)/Por que motivo estes dados do utilizador são partilhados? Selecione todas as opções aplicáveis./Prevenção de fraudes, segurança e conformidade"
PSL_DATA_USAGE_RESPONSES:PSL_PERFORMANCE_DIAGNOSTICS:DATA_USAGE_SHARING_PURPOSE,PSL_ADVERTISING,,MULTIPLE_CHOICE,Utilização e tratamento de dados (Diagnósticos)/Por que motivo estes dados do utilizador são partilhados? Selecione todas as opções aplicáveis./Publicidade ou marketing
PSL_DATA_USAGE_RESPONSES:PSL_PERFORMANCE_DIAGNOSTICS:DATA_USAGE_SHARING_PURPOSE,PSL_PERSONALIZATION,,MULTIPLE_CHOICE,Utilização e tratamento de dados (Diagnósticos)/Por que motivo estes dados do utilizador são partilhados? Selecione todas as opções aplicáveis./Personalização
PSL_DATA_USAGE_RESPONSES:PSL_PERFORMANCE_DIAGNOSTICS:DATA_USAGE_SHARING_PURPOSE,PSL_ACCOUNT_MANAGEMENT,,MULTIPLE_CHOICE,Utilização e tratamento de dados (Diagnósticos)/Por que motivo estes dados do utilizador são partilhados? Selecione todas as opções aplicáveis./Gestão da conta
PSL_DATA_USAGE_RESPONSES:PSL_OTHER_PERFORMANCE:PSL_DATA_USAGE_COLLECTION_AND_SHARING,PSL_DATA_USAGE_ONLY_COLLECTED,,MULTIPLE_CHOICE,"Utilização e tratamento de dados (Outros dados de desempenho da app)/Estes dados são recolhidos, partilhados ou ambos?/Recolhidos"
PSL_DATA_USAGE_RESPONSES:PSL_OTHER_PERFORMANCE:PSL_DATA_USAGE_COLLECTION_AND_SHARING,PSL_DATA_USAGE_ONLY_SHARED,,MULTIPLE_CHOICE,"Utilização e tratamento de dados (Outros dados de desempenho da app)/Estes dados são recolhidos, partilhados ou ambos?/Partilhado"
PSL_DATA_USAGE_RESPONSES:PSL_OTHER_PERFORMANCE:PSL_DATA_USAGE_EPHEMERAL,,,MAYBE_REQUIRED,Utilização e tratamento de dados (Outros dados de desempenho da app)/Estes dados são tratados efemeramente?
PSL_DATA_USAGE_RESPONSES:PSL_OTHER_PERFORMANCE:DATA_USAGE_USER_CONTROL,PSL_DATA_USAGE_USER_CONTROL_OPTIONAL,,SINGLE_CHOICE,Utilização e tratamento de dados (Outros dados de desempenho da app)/Estes dados são necessários para a sua app ou os utilizadores podem escolher se são recolhidos?/Os utilizadores podem escolher se estes dados são recolhidos
PSL_DATA_USAGE_RESPONSES:PSL_OTHER_PERFORMANCE:DATA_USAGE_USER_CONTROL,PSL_DATA_USAGE_USER_CONTROL_REQUIRED,,SINGLE_CHOICE,Utilização e tratamento de dados (Outros dados de desempenho da app)/Estes dados são necessários para a sua app ou os utilizadores podem escolher se são recolhidos?/A recolha de dados é necessária (os utilizadores não podem desativar esta recolha de dados)
PSL_DATA_USAGE_RESPONSES:PSL_OTHER_PERFORMANCE:DATA_USAGE_COLLECTION_PURPOSE,PSL_APP_FUNCTIONALITY,,MULTIPLE_CHOICE,Utilização e tratamento de dados (Outros dados de desempenho da app)/Por que motivo estes dados do utilizador são recolhidos? Selecione todas as opções aplicáveis./Funcionalidade da app
PSL_DATA_USAGE_RESPONSES:PSL_OTHER_PERFORMANCE:DATA_USAGE_COLLECTION_PURPOSE,PSL_ANALYTICS,,MULTIPLE_CHOICE,Utilização e tratamento de dados (Outros dados de desempenho da app)/Por que motivo estes dados do utilizador são recolhidos? Selecione todas as opções aplicáveis./Análise
PSL_DATA_USAGE_RESPONSES:PSL_OTHER_PERFORMANCE:DATA_USAGE_COLLECTION_PURPOSE,PSL_DEVELOPER_COMMUNICATIONS,,MULTIPLE_CHOICE,Utilização e tratamento de dados (Outros dados de desempenho da app)/Por que motivo estes dados do utilizador são recolhidos? Selecione todas as opções aplicáveis./Comunicações do programador
PSL_DATA_USAGE_RESPONSES:PSL_OTHER_PERFORMANCE:DATA_USAGE_COLLECTION_PURPOSE,PSL_FRAUD_PREVENTION_SECURITY,,MULTIPLE_CHOICE,"Utilização e tratamento de dados (Outros dados de desempenho da app)/Por que motivo estes dados do utilizador são recolhidos? Selecione todas as opções aplicáveis./Prevenção de fraudes, segurança e conformidade"
PSL_DATA_USAGE_RESPONSES:PSL_OTHER_PERFORMANCE:DATA_USAGE_COLLECTION_PURPOSE,PSL_ADVERTISING,,MULTIPLE_CHOICE,Utilização e tratamento de dados (Outros dados de desempenho da app)/Por que motivo estes dados do utilizador são recolhidos? Selecione todas as opções aplicáveis./Publicidade ou marketing
PSL_DATA_USAGE_RESPONSES:PSL_OTHER_PERFORMANCE:DATA_USAGE_COLLECTION_PURPOSE,PSL_PERSONALIZATION,,MULTIPLE_CHOICE,Utilização e tratamento de dados (Outros dados de desempenho da app)/Por que motivo estes dados do utilizador são recolhidos? Selecione todas as opções aplicáveis./Personalização
PSL_DATA_USAGE_RESPONSES:PSL_OTHER_PERFORMANCE:DATA_USAGE_COLLECTION_PURPOSE,PSL_ACCOUNT_MANAGEMENT,,MULTIPLE_CHOICE,Utilização e tratamento de dados (Outros dados de desempenho da app)/Por que motivo estes dados do utilizador são recolhidos? Selecione todas as opções aplicáveis./Gestão da conta
PSL_DATA_USAGE_RESPONSES:PSL_OTHER_PERFORMANCE:DATA_USAGE_SHARING_PURPOSE,PSL_APP_FUNCTIONALITY,,MULTIPLE_CHOICE,Utilização e tratamento de dados (Outros dados de desempenho da app)/Por que motivo estes dados do utilizador são partilhados? Selecione todas as opções aplicáveis./Funcionalidade da app
PSL_DATA_USAGE_RESPONSES:PSL_OTHER_PERFORMANCE:DATA_USAGE_SHARING_PURPOSE,PSL_ANALYTICS,,MULTIPLE_CHOICE,Utilização e tratamento de dados (Outros dados de desempenho da app)/Por que motivo estes dados do utilizador são partilhados? Selecione todas as opções aplicáveis./Análise
PSL_DATA_USAGE_RESPONSES:PSL_OTHER_PERFORMANCE:DATA_USAGE_SHARING_PURPOSE,PSL_DEVELOPER_COMMUNICATIONS,,MULTIPLE_CHOICE,Utilização e tratamento de dados (Outros dados de desempenho da app)/Por que motivo estes dados do utilizador são partilhados? Selecione todas as opções aplicáveis./Comunicações do programador
PSL_DATA_USAGE_RESPONSES:PSL_OTHER_PERFORMANCE:DATA_USAGE_SHARING_PURPOSE,PSL_FRAUD_PREVENTION_SECURITY,,MULTIPLE_CHOICE,"Utilização e tratamento de dados (Outros dados de desempenho da app)/Por que motivo estes dados do utilizador são partilhados? Selecione todas as opções aplicáveis./Prevenção de fraudes, segurança e conformidade"
PSL_DATA_USAGE_RESPONSES:PSL_OTHER_PERFORMANCE:DATA_USAGE_SHARING_PURPOSE,PSL_ADVERTISING,,MULTIPLE_CHOICE,Utilização e tratamento de dados (Outros dados de desempenho da app)/Por que motivo estes dados do utilizador são partilhados? Selecione todas as opções aplicáveis./Publicidade ou marketing
PSL_DATA_USAGE_RESPONSES:PSL_OTHER_PERFORMANCE:DATA_USAGE_SHARING_PURPOSE,PSL_PERSONALIZATION,,MULTIPLE_CHOICE,Utilização e tratamento de dados (Outros dados de desempenho da app)/Por que motivo estes dados do utilizador são partilhados? Selecione todas as opções aplicáveis./Personalização
PSL_DATA_USAGE_RESPONSES:PSL_OTHER_PERFORMANCE:DATA_USAGE_SHARING_PURPOSE,PSL_ACCOUNT_MANAGEMENT,,MULTIPLE_CHOICE,Utilização e tratamento de dados (Outros dados de desempenho da app)/Por que motivo estes dados do utilizador são partilhados? Selecione todas as opções aplicáveis./Gestão da conta
PSL_DATA_USAGE_RESPONSES:PSL_FILES_AND_DOCS:PSL_DATA_USAGE_COLLECTION_AND_SHARING,PSL_DATA_USAGE_ONLY_COLLECTED,,MULTIPLE_CHOICE,"Utilização e tratamento de dados (Ficheiros e documentos)/Estes dados são recolhidos, partilhados ou ambos?/Recolhidos"
PSL_DATA_USAGE_RESPONSES:PSL_FILES_AND_DOCS:PSL_DATA_USAGE_COLLECTION_AND_SHARING,PSL_DATA_USAGE_ONLY_SHARED,,MULTIPLE_CHOICE,"Utilização e tratamento de dados (Ficheiros e documentos)/Estes dados são recolhidos, partilhados ou ambos?/Partilhado"
PSL_DATA_USAGE_RESPONSES:PSL_FILES_AND_DOCS:PSL_DATA_USAGE_EPHEMERAL,,,MAYBE_REQUIRED,Utilização e tratamento de dados (Ficheiros e documentos)/Estes dados são tratados efemeramente?
PSL_DATA_USAGE_RESPONSES:PSL_FILES_AND_DOCS:DATA_USAGE_USER_CONTROL,PSL_DATA_USAGE_USER_CONTROL_OPTIONAL,,SINGLE_CHOICE,Utilização e tratamento de dados (Ficheiros e documentos)/Estes dados são necessários para a sua app ou os utilizadores podem escolher se são recolhidos?/Os utilizadores podem escolher se estes dados são recolhidos
PSL_DATA_USAGE_RESPONSES:PSL_FILES_AND_DOCS:DATA_USAGE_USER_CONTROL,PSL_DATA_USAGE_USER_CONTROL_REQUIRED,,SINGLE_CHOICE,Utilização e tratamento de dados (Ficheiros e documentos)/Estes dados são necessários para a sua app ou os utilizadores podem escolher se são recolhidos?/A recolha de dados é necessária (os utilizadores não podem desativar esta recolha de dados)
PSL_DATA_USAGE_RESPONSES:PSL_FILES_AND_DOCS:DATA_USAGE_COLLECTION_PURPOSE,PSL_APP_FUNCTIONALITY,,MULTIPLE_CHOICE,Utilização e tratamento de dados (Ficheiros e documentos)/Por que motivo estes dados do utilizador são recolhidos? Selecione todas as opções aplicáveis./Funcionalidade da app
PSL_DATA_USAGE_RESPONSES:PSL_FILES_AND_DOCS:DATA_USAGE_COLLECTION_PURPOSE,PSL_ANALYTICS,,MULTIPLE_CHOICE,Utilização e tratamento de dados (Ficheiros e documentos)/Por que motivo estes dados do utilizador são recolhidos? Selecione todas as opções aplicáveis./Análise
PSL_DATA_USAGE_RESPONSES:PSL_FILES_AND_DOCS:DATA_USAGE_COLLECTION_PURPOSE,PSL_DEVELOPER_COMMUNICATIONS,,MULTIPLE_CHOICE,Utilização e tratamento de dados (Ficheiros e documentos)/Por que motivo estes dados do utilizador são recolhidos? Selecione todas as opções aplicáveis./Comunicações do programador
PSL_DATA_USAGE_RESPONSES:PSL_FILES_AND_DOCS:DATA_USAGE_COLLECTION_PURPOSE,PSL_FRAUD_PREVENTION_SECURITY,,MULTIPLE_CHOICE,"Utilização e tratamento de dados (Ficheiros e documentos)/Por que motivo estes dados do utilizador são recolhidos? Selecione todas as opções aplicáveis./Prevenção de fraudes, segurança e conformidade"
PSL_DATA_USAGE_RESPONSES:PSL_FILES_AND_DOCS:DATA_USAGE_COLLECTION_PURPOSE,PSL_ADVERTISING,,MULTIPLE_CHOICE,Utilização e tratamento de dados (Ficheiros e documentos)/Por que motivo estes dados do utilizador são recolhidos? Selecione todas as opções aplicáveis./Publicidade ou marketing
PSL_DATA_USAGE_RESPONSES:PSL_FILES_AND_DOCS:DATA_USAGE_COLLECTION_PURPOSE,PSL_PERSONALIZATION,,MULTIPLE_CHOICE,Utilização e tratamento de dados (Ficheiros e documentos)/Por que motivo estes dados do utilizador são recolhidos? Selecione todas as opções aplicáveis./Personalização
PSL_DATA_USAGE_RESPONSES:PSL_FILES_AND_DOCS:DATA_USAGE_COLLECTION_PURPOSE,PSL_ACCOUNT_MANAGEMENT,,MULTIPLE_CHOICE,Utilização e tratamento de dados (Ficheiros e documentos)/Por que motivo estes dados do utilizador são recolhidos? Selecione todas as opções aplicáveis./Gestão da conta
PSL_DATA_USAGE_RESPONSES:PSL_FILES_AND_DOCS:DATA_USAGE_SHARING_PURPOSE,PSL_APP_FUNCTIONALITY,,MULTIPLE_CHOICE,Utilização e tratamento de dados (Ficheiros e documentos)/Por que motivo estes dados do utilizador são partilhados? Selecione todas as opções aplicáveis./Funcionalidade da app
PSL_DATA_USAGE_RESPONSES:PSL_FILES_AND_DOCS:DATA_USAGE_SHARING_PURPOSE,PSL_ANALYTICS,,MULTIPLE_CHOICE,Utilização e tratamento de dados (Ficheiros e documentos)/Por que motivo estes dados do utilizador são partilhados? Selecione todas as opções aplicáveis./Análise
PSL_DATA_USAGE_RESPONSES:PSL_FILES_AND_DOCS:DATA_USAGE_SHARING_PURPOSE,PSL_DEVELOPER_COMMUNICATIONS,,MULTIPLE_CHOICE,Utilização e tratamento de dados (Ficheiros e documentos)/Por que motivo estes dados do utilizador são partilhados? Selecione todas as opções aplicáveis./Comunicações do programador
PSL_DATA_USAGE_RESPONSES:PSL_FILES_AND_DOCS:DATA_USAGE_SHARING_PURPOSE,PSL_FRAUD_PREVENTION_SECURITY,,MULTIPLE_CHOICE,"Utilização e tratamento de dados (Ficheiros e documentos)/Por que motivo estes dados do utilizador são partilhados? Selecione todas as opções aplicáveis./Prevenção de fraudes, segurança e conformidade"
PSL_DATA_USAGE_RESPONSES:PSL_FILES_AND_DOCS:DATA_USAGE_SHARING_PURPOSE,PSL_ADVERTISING,,MULTIPLE_CHOICE,Utilização e tratamento de dados (Ficheiros e documentos)/Por que motivo estes dados do utilizador são partilhados? Selecione todas as opções aplicáveis./Publicidade ou marketing
PSL_DATA_USAGE_RESPONSES:PSL_FILES_AND_DOCS:DATA_USAGE_SHARING_PURPOSE,PSL_PERSONALIZATION,,MULTIPLE_CHOICE,Utilização e tratamento de dados (Ficheiros e documentos)/Por que motivo estes dados do utilizador são partilhados? Selecione todas as opções aplicáveis./Personalização
PSL_DATA_USAGE_RESPONSES:PSL_FILES_AND_DOCS:DATA_USAGE_SHARING_PURPOSE,PSL_ACCOUNT_MANAGEMENT,,MULTIPLE_CHOICE,Utilização e tratamento de dados (Ficheiros e documentos)/Por que motivo estes dados do utilizador são partilhados? Selecione todas as opções aplicáveis./Gestão da conta
PSL_DATA_USAGE_RESPONSES:PSL_USER_INTERACTION:PSL_DATA_USAGE_COLLECTION_AND_SHARING,PSL_DATA_USAGE_ONLY_COLLECTED,,MULTIPLE_CHOICE,"Utilização e tratamento de dados (Interações com apps)/Estes dados são recolhidos, partilhados ou ambos?/Recolhidos"
PSL_DATA_USAGE_RESPONSES:PSL_USER_INTERACTION:PSL_DATA_USAGE_COLLECTION_AND_SHARING,PSL_DATA_USAGE_ONLY_SHARED,,MULTIPLE_CHOICE,"Utilização e tratamento de dados (Interações com apps)/Estes dados são recolhidos, partilhados ou ambos?/Partilhado"
PSL_DATA_USAGE_RESPONSES:PSL_USER_INTERACTION:PSL_DATA_USAGE_EPHEMERAL,,,MAYBE_REQUIRED,Utilização e tratamento de dados (Interações com apps)/Estes dados são tratados efemeramente?
PSL_DATA_USAGE_RESPONSES:PSL_USER_INTERACTION:DATA_USAGE_USER_CONTROL,PSL_DATA_USAGE_USER_CONTROL_OPTIONAL,,SINGLE_CHOICE,Utilização e tratamento de dados (Interações com apps)/Estes dados são necessários para a sua app ou os utilizadores podem escolher se são recolhidos?/Os utilizadores podem escolher se estes dados são recolhidos
PSL_DATA_USAGE_RESPONSES:PSL_USER_INTERACTION:DATA_USAGE_USER_CONTROL,PSL_DATA_USAGE_USER_CONTROL_REQUIRED,,SINGLE_CHOICE,Utilização e tratamento de dados (Interações com apps)/Estes dados são necessários para a sua app ou os utilizadores podem escolher se são recolhidos?/A recolha de dados é necessária (os utilizadores não podem desativar esta recolha de dados)
PSL_DATA_USAGE_RESPONSES:PSL_USER_INTERACTION:DATA_USAGE_COLLECTION_PURPOSE,PSL_APP_FUNCTIONALITY,,MULTIPLE_CHOICE,Utilização e tratamento de dados (Interações com apps)/Por que motivo estes dados do utilizador são recolhidos? Selecione todas as opções aplicáveis./Funcionalidade da app
PSL_DATA_USAGE_RESPONSES:PSL_USER_INTERACTION:DATA_USAGE_COLLECTION_PURPOSE,PSL_ANALYTICS,,MULTIPLE_CHOICE,Utilização e tratamento de dados (Interações com apps)/Por que motivo estes dados do utilizador são recolhidos? Selecione todas as opções aplicáveis./Análise
PSL_DATA_USAGE_RESPONSES:PSL_USER_INTERACTION:DATA_USAGE_COLLECTION_PURPOSE,PSL_DEVELOPER_COMMUNICATIONS,,MULTIPLE_CHOICE,Utilização e tratamento de dados (Interações com apps)/Por que motivo estes dados do utilizador são recolhidos? Selecione todas as opções aplicáveis./Comunicações do programador
PSL_DATA_USAGE_RESPONSES:PSL_USER_INTERACTION:DATA_USAGE_COLLECTION_PURPOSE,PSL_FRAUD_PREVENTION_SECURITY,,MULTIPLE_CHOICE,"Utilização e tratamento de dados (Interações com apps)/Por que motivo estes dados do utilizador são recolhidos? Selecione todas as opções aplicáveis./Prevenção de fraudes, segurança e conformidade"
PSL_DATA_USAGE_RESPONSES:PSL_USER_INTERACTION:DATA_USAGE_COLLECTION_PURPOSE,PSL_ADVERTISING,,MULTIPLE_CHOICE,Utilização e tratamento de dados (Interações com apps)/Por que motivo estes dados do utilizador são recolhidos? Selecione todas as opções aplicáveis./Publicidade ou marketing
PSL_DATA_USAGE_RESPONSES:PSL_USER_INTERACTION:DATA_USAGE_COLLECTION_PURPOSE,PSL_PERSONALIZATION,,MULTIPLE_CHOICE,Utilização e tratamento de dados (Interações com apps)/Por que motivo estes dados do utilizador são recolhidos? Selecione todas as opções aplicáveis./Personalização
PSL_DATA_USAGE_RESPONSES:PSL_USER_INTERACTION:DATA_USAGE_COLLECTION_PURPOSE,PSL_ACCOUNT_MANAGEMENT,,MULTIPLE_CHOICE,Utilização e tratamento de dados (Interações com apps)/Por que motivo estes dados do utilizador são recolhidos? Selecione todas as opções aplicáveis./Gestão da conta
PSL_DATA_USAGE_RESPONSES:PSL_USER_INTERACTION:DATA_USAGE_SHARING_PURPOSE,PSL_APP_FUNCTIONALITY,,MULTIPLE_CHOICE,Utilização e tratamento de dados (Interações com apps)/Por que motivo estes dados do utilizador são partilhados? Selecione todas as opções aplicáveis./Funcionalidade da app
PSL_DATA_USAGE_RESPONSES:PSL_USER_INTERACTION:DATA_USAGE_SHARING_PURPOSE,PSL_ANALYTICS,,MULTIPLE_CHOICE,Utilização e tratamento de dados (Interações com apps)/Por que motivo estes dados do utilizador são partilhados? Selecione todas as opções aplicáveis./Análise
PSL_DATA_USAGE_RESPONSES:PSL_USER_INTERACTION:DATA_USAGE_SHARING_PURPOSE,PSL_DEVELOPER_COMMUNICATIONS,,MULTIPLE_CHOICE,Utilização e tratamento de dados (Interações com apps)/Por que motivo estes dados do utilizador são partilhados? Selecione todas as opções aplicáveis./Comunicações do programador
PSL_DATA_USAGE_RESPONSES:PSL_USER_INTERACTION:DATA_USAGE_SHARING_PURPOSE,PSL_FRAUD_PREVENTION_SECURITY,,MULTIPLE_CHOICE,"Utilização e tratamento de dados (Interações com apps)/Por que motivo estes dados do utilizador são partilhados? Selecione todas as opções aplicáveis./Prevenção de fraudes, segurança e conformidade"
PSL_DATA_USAGE_RESPONSES:PSL_USER_INTERACTION:DATA_USAGE_SHARING_PURPOSE,PSL_ADVERTISING,,MULTIPLE_CHOICE,Utilização e tratamento de dados (Interações com apps)/Por que motivo estes dados do utilizador são partilhados? Selecione todas as opções aplicáveis./Publicidade ou marketing
PSL_DATA_USAGE_RESPONSES:PSL_USER_INTERACTION:DATA_USAGE_SHARING_PURPOSE,PSL_PERSONALIZATION,,MULTIPLE_CHOICE,Utilização e tratamento de dados (Interações com apps)/Por que motivo estes dados do utilizador são partilhados? Selecione todas as opções aplicáveis./Personalização
PSL_DATA_USAGE_RESPONSES:PSL_USER_INTERACTION:DATA_USAGE_SHARING_PURPOSE,PSL_ACCOUNT_MANAGEMENT,,MULTIPLE_CHOICE,Utilização e tratamento de dados (Interações com apps)/Por que motivo estes dados do utilizador são partilhados? Selecione todas as opções aplicáveis./Gestão da conta
PSL_DATA_USAGE_RESPONSES:PSL_IN_APP_SEARCH_HISTORY:PSL_DATA_USAGE_COLLECTION_AND_SHARING,PSL_DATA_USAGE_ONLY_COLLECTED,,MULTIPLE_CHOICE,"Utilização e tratamento de dados (Histórico de pesquisas na app)/Estes dados são recolhidos, partilhados ou ambos?/Recolhidos"
PSL_DATA_USAGE_RESPONSES:PSL_IN_APP_SEARCH_HISTORY:PSL_DATA_USAGE_COLLECTION_AND_SHARING,PSL_DATA_USAGE_ONLY_SHARED,,MULTIPLE_CHOICE,"Utilização e tratamento de dados (Histórico de pesquisas na app)/Estes dados são recolhidos, partilhados ou ambos?/Partilhado"
PSL_DATA_USAGE_RESPONSES:PSL_IN_APP_SEARCH_HISTORY:PSL_DATA_USAGE_EPHEMERAL,,,MAYBE_REQUIRED,Utilização e tratamento de dados (Histórico de pesquisas na app)/Estes dados são tratados efemeramente?
PSL_DATA_USAGE_RESPONSES:PSL_IN_APP_SEARCH_HISTORY:DATA_USAGE_USER_CONTROL,PSL_DATA_USAGE_USER_CONTROL_OPTIONAL,,SINGLE_CHOICE,Utilização e tratamento de dados (Histórico de pesquisas na app)/Estes dados são necessários para a sua app ou os utilizadores podem escolher se são recolhidos?/Os utilizadores podem escolher se estes dados são recolhidos
PSL_DATA_USAGE_RESPONSES:PSL_IN_APP_SEARCH_HISTORY:DATA_USAGE_USER_CONTROL,PSL_DATA_USAGE_USER_CONTROL_REQUIRED,,SINGLE_CHOICE,Utilização e tratamento de dados (Histórico de pesquisas na app)/Estes dados são necessários para a sua app ou os utilizadores podem escolher se são recolhidos?/A recolha de dados é necessária (os utilizadores não podem desativar esta recolha de dados)
PSL_DATA_USAGE_RESPONSES:PSL_IN_APP_SEARCH_HISTORY:DATA_USAGE_COLLECTION_PURPOSE,PSL_APP_FUNCTIONALITY,,MULTIPLE_CHOICE,Utilização e tratamento de dados (Histórico de pesquisas na app)/Por que motivo estes dados do utilizador são recolhidos? Selecione todas as opções aplicáveis./Funcionalidade da app
PSL_DATA_USAGE_RESPONSES:PSL_IN_APP_SEARCH_HISTORY:DATA_USAGE_COLLECTION_PURPOSE,PSL_ANALYTICS,,MULTIPLE_CHOICE,Utilização e tratamento de dados (Histórico de pesquisas na app)/Por que motivo estes dados do utilizador são recolhidos? Selecione todas as opções aplicáveis./Análise
PSL_DATA_USAGE_RESPONSES:PSL_IN_APP_SEARCH_HISTORY:DATA_USAGE_COLLECTION_PURPOSE,PSL_DEVELOPER_COMMUNICATIONS,,MULTIPLE_CHOICE,Utilização e tratamento de dados (Histórico de pesquisas na app)/Por que motivo estes dados do utilizador são recolhidos? Selecione todas as opções aplicáveis./Comunicações do programador
PSL_DATA_USAGE_RESPONSES:PSL_IN_APP_SEARCH_HISTORY:DATA_USAGE_COLLECTION_PURPOSE,PSL_FRAUD_PREVENTION_SECURITY,,MULTIPLE_CHOICE,"Utilização e tratamento de dados (Histórico de pesquisas na app)/Por que motivo estes dados do utilizador são recolhidos? Selecione todas as opções aplicáveis./Prevenção de fraudes, segurança e conformidade"
PSL_DATA_USAGE_RESPONSES:PSL_IN_APP_SEARCH_HISTORY:DATA_USAGE_COLLECTION_PURPOSE,PSL_ADVERTISING,,MULTIPLE_CHOICE,Utilização e tratamento de dados (Histórico de pesquisas na app)/Por que motivo estes dados do utilizador são recolhidos? Selecione todas as opções aplicáveis./Publicidade ou marketing
PSL_DATA_USAGE_RESPONSES:PSL_IN_APP_SEARCH_HISTORY:DATA_USAGE_COLLECTION_PURPOSE,PSL_PERSONALIZATION,,MULTIPLE_CHOICE,Utilização e tratamento de dados (Histórico de pesquisas na app)/Por que motivo estes dados do utilizador são recolhidos? Selecione todas as opções aplicáveis./Personalização
PSL_DATA_USAGE_RESPONSES:PSL_IN_APP_SEARCH_HISTORY:DATA_USAGE_COLLECTION_PURPOSE,PSL_ACCOUNT_MANAGEMENT,,MULTIPLE_CHOICE,Utilização e tratamento de dados (Histórico de pesquisas na app)/Por que motivo estes dados do utilizador são recolhidos? Selecione todas as opções aplicáveis./Gestão da conta
PSL_DATA_USAGE_RESPONSES:PSL_IN_APP_SEARCH_HISTORY:DATA_USAGE_SHARING_PURPOSE,PSL_APP_FUNCTIONALITY,,MULTIPLE_CHOICE,Utilização e tratamento de dados (Histórico de pesquisas na app)/Por que motivo estes dados do utilizador são partilhados? Selecione todas as opções aplicáveis./Funcionalidade da app
PSL_DATA_USAGE_RESPONSES:PSL_IN_APP_SEARCH_HISTORY:DATA_USAGE_SHARING_PURPOSE,PSL_ANALYTICS,,MULTIPLE_CHOICE,Utilização e tratamento de dados (Histórico de pesquisas na app)/Por que motivo estes dados do utilizador são partilhados? Selecione todas as opções aplicáveis./Análise
PSL_DATA_USAGE_RESPONSES:PSL_IN_APP_SEARCH_HISTORY:DATA_USAGE_SHARING_PURPOSE,PSL_DEVELOPER_COMMUNICATIONS,,MULTIPLE_CHOICE,Utilização e tratamento de dados (Histórico de pesquisas na app)/Por que motivo estes dados do utilizador são partilhados? Selecione todas as opções aplicáveis./Comunicações do programador
PSL_DATA_USAGE_RESPONSES:PSL_IN_APP_SEARCH_HISTORY:DATA_USAGE_SHARING_PURPOSE,PSL_FRAUD_PREVENTION_SECURITY,,MULTIPLE_CHOICE,"Utilização e tratamento de dados (Histórico de pesquisas na app)/Por que motivo estes dados do utilizador são partilhados? Selecione todas as opções aplicáveis./Prevenção de fraudes, segurança e conformidade"
PSL_DATA_USAGE_RESPONSES:PSL_IN_APP_SEARCH_HISTORY:DATA_USAGE_SHARING_PURPOSE,PSL_ADVERTISING,,MULTIPLE_CHOICE,Utilização e tratamento de dados (Histórico de pesquisas na app)/Por que motivo estes dados do utilizador são partilhados? Selecione todas as opções aplicáveis./Publicidade ou marketing
PSL_DATA_USAGE_RESPONSES:PSL_IN_APP_SEARCH_HISTORY:DATA_USAGE_SHARING_PURPOSE,PSL_PERSONALIZATION,,MULTIPLE_CHOICE,Utilização e tratamento de dados (Histórico de pesquisas na app)/Por que motivo estes dados do utilizador são partilhados? Selecione todas as opções aplicáveis./Personalização
PSL_DATA_USAGE_RESPONSES:PSL_IN_APP_SEARCH_HISTORY:DATA_USAGE_SHARING_PURPOSE,PSL_ACCOUNT_MANAGEMENT,,MULTIPLE_CHOICE,Utilização e tratamento de dados (Histórico de pesquisas na app)/Por que motivo estes dados do utilizador são partilhados? Selecione todas as opções aplicáveis./Gestão da conta
PSL_DATA_USAGE_RESPONSES:PSL_APPS_ON_DEVICE:PSL_DATA_USAGE_COLLECTION_AND_SHARING,PSL_DATA_USAGE_ONLY_COLLECTED,,MULTIPLE_CHOICE,"Utilização e tratamento de dados (Apps instaladas)/Estes dados são recolhidos, partilhados ou ambos?/Recolhidos"
PSL_DATA_USAGE_RESPONSES:PSL_APPS_ON_DEVICE:PSL_DATA_USAGE_COLLECTION_AND_SHARING,PSL_DATA_USAGE_ONLY_SHARED,,MULTIPLE_CHOICE,"Utilização e tratamento de dados (Apps instaladas)/Estes dados são recolhidos, partilhados ou ambos?/Partilhado"
PSL_DATA_USAGE_RESPONSES:PSL_APPS_ON_DEVICE:PSL_DATA_USAGE_EPHEMERAL,,,MAYBE_REQUIRED,Utilização e tratamento de dados (Apps instaladas)/Estes dados são tratados efemeramente?
PSL_DATA_USAGE_RESPONSES:PSL_APPS_ON_DEVICE:DATA_USAGE_USER_CONTROL,PSL_DATA_USAGE_USER_CONTROL_OPTIONAL,,SINGLE_CHOICE,Utilização e tratamento de dados (Apps instaladas)/Estes dados são necessários para a sua app ou os utilizadores podem escolher se são recolhidos?/Os utilizadores podem escolher se estes dados são recolhidos
PSL_DATA_USAGE_RESPONSES:PSL_APPS_ON_DEVICE:DATA_USAGE_USER_CONTROL,PSL_DATA_USAGE_USER_CONTROL_REQUIRED,,SINGLE_CHOICE,Utilização e tratamento de dados (Apps instaladas)/Estes dados são necessários para a sua app ou os utilizadores podem escolher se são recolhidos?/A recolha de dados é necessária (os utilizadores não podem desativar esta recolha de dados)
PSL_DATA_USAGE_RESPONSES:PSL_APPS_ON_DEVICE:DATA_USAGE_COLLECTION_PURPOSE,PSL_APP_FUNCTIONALITY,,MULTIPLE_CHOICE,Utilização e tratamento de dados (Apps instaladas)/Por que motivo estes dados do utilizador são recolhidos? Selecione todas as opções aplicáveis./Funcionalidade da app
PSL_DATA_USAGE_RESPONSES:PSL_APPS_ON_DEVICE:DATA_USAGE_COLLECTION_PURPOSE,PSL_ANALYTICS,,MULTIPLE_CHOICE,Utilização e tratamento de dados (Apps instaladas)/Por que motivo estes dados do utilizador são recolhidos? Selecione todas as opções aplicáveis./Análise
PSL_DATA_USAGE_RESPONSES:PSL_APPS_ON_DEVICE:DATA_USAGE_COLLECTION_PURPOSE,PSL_DEVELOPER_COMMUNICATIONS,,MULTIPLE_CHOICE,Utilização e tratamento de dados (Apps instaladas)/Por que motivo estes dados do utilizador são recolhidos? Selecione todas as opções aplicáveis./Comunicações do programador
PSL_DATA_USAGE_RESPONSES:PSL_APPS_ON_DEVICE:DATA_USAGE_COLLECTION_PURPOSE,PSL_FRAUD_PREVENTION_SECURITY,,MULTIPLE_CHOICE,"Utilização e tratamento de dados (Apps instaladas)/Por que motivo estes dados do utilizador são recolhidos? Selecione todas as opções aplicáveis./Prevenção de fraudes, segurança e conformidade"
PSL_DATA_USAGE_RESPONSES:PSL_APPS_ON_DEVICE:DATA_USAGE_COLLECTION_PURPOSE,PSL_ADVERTISING,,MULTIPLE_CHOICE,Utilização e tratamento de dados (Apps instaladas)/Por que motivo estes dados do utilizador são recolhidos? Selecione todas as opções aplicáveis./Publicidade ou marketing
PSL_DATA_USAGE_RESPONSES:PSL_APPS_ON_DEVICE:DATA_USAGE_COLLECTION_PURPOSE,PSL_PERSONALIZATION,,MULTIPLE_CHOICE,Utilização e tratamento de dados (Apps instaladas)/Por que motivo estes dados do utilizador são recolhidos? Selecione todas as opções aplicáveis./Personalização
PSL_DATA_USAGE_RESPONSES:PSL_APPS_ON_DEVICE:DATA_USAGE_COLLECTION_PURPOSE,PSL_ACCOUNT_MANAGEMENT,,MULTIPLE_CHOICE,Utilização e tratamento de dados (Apps instaladas)/Por que motivo estes dados do utilizador são recolhidos? Selecione todas as opções aplicáveis./Gestão da conta
PSL_DATA_USAGE_RESPONSES:PSL_APPS_ON_DEVICE:DATA_USAGE_SHARING_PURPOSE,PSL_APP_FUNCTIONALITY,,MULTIPLE_CHOICE,Utilização e tratamento de dados (Apps instaladas)/Por que motivo estes dados do utilizador são partilhados? Selecione todas as opções aplicáveis./Funcionalidade da app
PSL_DATA_USAGE_RESPONSES:PSL_APPS_ON_DEVICE:DATA_USAGE_SHARING_PURPOSE,PSL_ANALYTICS,,MULTIPLE_CHOICE,Utilização e tratamento de dados (Apps instaladas)/Por que motivo estes dados do utilizador são partilhados? Selecione todas as opções aplicáveis./Análise
PSL_DATA_USAGE_RESPONSES:PSL_APPS_ON_DEVICE:DATA_USAGE_SHARING_PURPOSE,PSL_DEVELOPER_COMMUNICATIONS,,MULTIPLE_CHOICE,Utilização e tratamento de dados (Apps instaladas)/Por que motivo estes dados do utilizador são partilhados? Selecione todas as opções aplicáveis./Comunicações do programador
PSL_DATA_USAGE_RESPONSES:PSL_APPS_ON_DEVICE:DATA_USAGE_SHARING_PURPOSE,PSL_FRAUD_PREVENTION_SECURITY,,MULTIPLE_CHOICE,"Utilização e tratamento de dados (Apps instaladas)/Por que motivo estes dados do utilizador são partilhados? Selecione todas as opções aplicáveis./Prevenção de fraudes, segurança e conformidade"
PSL_DATA_USAGE_RESPONSES:PSL_APPS_ON_DEVICE:DATA_USAGE_SHARING_PURPOSE,PSL_ADVERTISING,,MULTIPLE_CHOICE,Utilização e tratamento de dados (Apps instaladas)/Por que motivo estes dados do utilizador são partilhados? Selecione todas as opções aplicáveis./Publicidade ou marketing
PSL_DATA_USAGE_RESPONSES:PSL_APPS_ON_DEVICE:DATA_USAGE_SHARING_PURPOSE,PSL_PERSONALIZATION,,MULTIPLE_CHOICE,Utilização e tratamento de dados (Apps instaladas)/Por que motivo estes dados do utilizador são partilhados? Selecione todas as opções aplicáveis./Personalização
PSL_DATA_USAGE_RESPONSES:PSL_APPS_ON_DEVICE:DATA_USAGE_SHARING_PURPOSE,PSL_ACCOUNT_MANAGEMENT,,MULTIPLE_CHOICE,Utilização e tratamento de dados (Apps instaladas)/Por que motivo estes dados do utilizador são partilhados? Selecione todas as opções aplicáveis./Gestão da conta
PSL_DATA_USAGE_RESPONSES:PSL_USER_GENERATED_CONTENT:PSL_DATA_USAGE_COLLECTION_AND_SHARING,PSL_DATA_USAGE_ONLY_COLLECTED,,MULTIPLE_CHOICE,"Utilização e tratamento de dados (Outro conteúdo gerado pelo utilizador)/Estes dados são recolhidos, partilhados ou ambos?/Recolhidos"
PSL_DATA_USAGE_RESPONSES:PSL_USER_GENERATED_CONTENT:PSL_DATA_USAGE_COLLECTION_AND_SHARING,PSL_DATA_USAGE_ONLY_SHARED,,MULTIPLE_CHOICE,"Utilização e tratamento de dados (Outro conteúdo gerado pelo utilizador)/Estes dados são recolhidos, partilhados ou ambos?/Partilhado"
PSL_DATA_USAGE_RESPONSES:PSL_USER_GENERATED_CONTENT:PSL_DATA_USAGE_EPHEMERAL,,,MAYBE_REQUIRED,Utilização e tratamento de dados (Outro conteúdo gerado pelo utilizador)/Estes dados são tratados efemeramente?
PSL_DATA_USAGE_RESPONSES:PSL_USER_GENERATED_CONTENT:DATA_USAGE_USER_CONTROL,PSL_DATA_USAGE_USER_CONTROL_OPTIONAL,,SINGLE_CHOICE,Utilização e tratamento de dados (Outro conteúdo gerado pelo utilizador)/Estes dados são necessários para a sua app ou os utilizadores podem escolher se são recolhidos?/Os utilizadores podem escolher se estes dados são recolhidos
PSL_DATA_USAGE_RESPONSES:PSL_USER_GENERATED_CONTENT:DATA_USAGE_USER_CONTROL,PSL_DATA_USAGE_USER_CONTROL_REQUIRED,,SINGLE_CHOICE,Utilização e tratamento de dados (Outro conteúdo gerado pelo utilizador)/Estes dados são necessários para a sua app ou os utilizadores podem escolher se são recolhidos?/A recolha de dados é necessária (os utilizadores não podem desativar esta recolha de dados)
PSL_DATA_USAGE_RESPONSES:PSL_USER_GENERATED_CONTENT:DATA_USAGE_COLLECTION_PURPOSE,PSL_APP_FUNCTIONALITY,,MULTIPLE_CHOICE,Utilização e tratamento de dados (Outro conteúdo gerado pelo utilizador)/Por que motivo estes dados do utilizador são recolhidos? Selecione todas as opções aplicáveis./Funcionalidade da app
PSL_DATA_USAGE_RESPONSES:PSL_USER_GENERATED_CONTENT:DATA_USAGE_COLLECTION_PURPOSE,PSL_ANALYTICS,,MULTIPLE_CHOICE,Utilização e tratamento de dados (Outro conteúdo gerado pelo utilizador)/Por que motivo estes dados do utilizador são recolhidos? Selecione todas as opções aplicáveis./Análise
PSL_DATA_USAGE_RESPONSES:PSL_USER_GENERATED_CONTENT:DATA_USAGE_COLLECTION_PURPOSE,PSL_DEVELOPER_COMMUNICATIONS,,MULTIPLE_CHOICE,Utilização e tratamento de dados (Outro conteúdo gerado pelo utilizador)/Por que motivo estes dados do utilizador são recolhidos? Selecione todas as opções aplicáveis./Comunicações do programador
PSL_DATA_USAGE_RESPONSES:PSL_USER_GENERATED_CONTENT:DATA_USAGE_COLLECTION_PURPOSE,PSL_FRAUD_PREVENTION_SECURITY,,MULTIPLE_CHOICE,"Utilização e tratamento de dados (Outro conteúdo gerado pelo utilizador)/Por que motivo estes dados do utilizador são recolhidos? Selecione todas as opções aplicáveis./Prevenção de fraudes, segurança e conformidade"
PSL_DATA_USAGE_RESPONSES:PSL_USER_GENERATED_CONTENT:DATA_USAGE_COLLECTION_PURPOSE,PSL_ADVERTISING,,MULTIPLE_CHOICE,Utilização e tratamento de dados (Outro conteúdo gerado pelo utilizador)/Por que motivo estes dados do utilizador são recolhidos? Selecione todas as opções aplicáveis./Publicidade ou marketing
PSL_DATA_USAGE_RESPONSES:PSL_USER_GENERATED_CONTENT:DATA_USAGE_COLLECTION_PURPOSE,PSL_PERSONALIZATION,,MULTIPLE_CHOICE,Utilização e tratamento de dados (Outro conteúdo gerado pelo utilizador)/Por que motivo estes dados do utilizador são recolhidos? Selecione todas as opções aplicáveis./Personalização
PSL_DATA_USAGE_RESPONSES:PSL_USER_GENERATED_CONTENT:DATA_USAGE_COLLECTION_PURPOSE,PSL_ACCOUNT_MANAGEMENT,,MULTIPLE_CHOICE,Utilização e tratamento de dados (Outro conteúdo gerado pelo utilizador)/Por que motivo estes dados do utilizador são recolhidos? Selecione todas as opções aplicáveis./Gestão da conta
PSL_DATA_USAGE_RESPONSES:PSL_USER_GENERATED_CONTENT:DATA_USAGE_SHARING_PURPOSE,PSL_APP_FUNCTIONALITY,,MULTIPLE_CHOICE,Utilização e tratamento de dados (Outro conteúdo gerado pelo utilizador)/Por que motivo estes dados do utilizador são partilhados? Selecione todas as opções aplicáveis./Funcionalidade da app
PSL_DATA_USAGE_RESPONSES:PSL_USER_GENERATED_CONTENT:DATA_USAGE_SHARING_PURPOSE,PSL_ANALYTICS,,MULTIPLE_CHOICE,Utilização e tratamento de dados (Outro conteúdo gerado pelo utilizador)/Por que motivo estes dados do utilizador são partilhados? Selecione todas as opções aplicáveis./Análise
PSL_DATA_USAGE_RESPONSES:PSL_USER_GENERATED_CONTENT:DATA_USAGE_SHARING_PURPOSE,PSL_DEVELOPER_COMMUNICATIONS,,MULTIPLE_CHOICE,Utilização e tratamento de dados (Outro conteúdo gerado pelo utilizador)/Por que motivo estes dados do utilizador são partilhados? Selecione todas as opções aplicáveis./Comunicações do programador
PSL_DATA_USAGE_RESPONSES:PSL_USER_GENERATED_CONTENT:DATA_USAGE_SHARING_PURPOSE,PSL_FRAUD_PREVENTION_SECURITY,,MULTIPLE_CHOICE,"Utilização e tratamento de dados (Outro conteúdo gerado pelo utilizador)/Por que motivo estes dados do utilizador são partilhados? Selecione todas as opções aplicáveis./Prevenção de fraudes, segurança e conformidade"
PSL_DATA_USAGE_RESPONSES:PSL_USER_GENERATED_CONTENT:DATA_USAGE_SHARING_PURPOSE,PSL_ADVERTISING,,MULTIPLE_CHOICE,Utilização e tratamento de dados (Outro conteúdo gerado pelo utilizador)/Por que motivo estes dados do utilizador são partilhados? Selecione todas as opções aplicáveis./Publicidade ou marketing
PSL_DATA_USAGE_RESPONSES:PSL_USER_GENERATED_CONTENT:DATA_USAGE_SHARING_PURPOSE,PSL_PERSONALIZATION,,MULTIPLE_CHOICE,Utilização e tratamento de dados (Outro conteúdo gerado pelo utilizador)/Por que motivo estes dados do utilizador são partilhados? Selecione todas as opções aplicáveis./Personalização
PSL_DATA_USAGE_RESPONSES:PSL_USER_GENERATED_CONTENT:DATA_USAGE_SHARING_PURPOSE,PSL_ACCOUNT_MANAGEMENT,,MULTIPLE_CHOICE,Utilização e tratamento de dados (Outro conteúdo gerado pelo utilizador)/Por que motivo estes dados do utilizador são partilhados? Selecione todas as opções aplicáveis./Gestão da conta
PSL_DATA_USAGE_RESPONSES:PSL_OTHER_APP_ACTIVITY:PSL_DATA_USAGE_COLLECTION_AND_SHARING,PSL_DATA_USAGE_ONLY_COLLECTED,,MULTIPLE_CHOICE,"Utilização e tratamento de dados (Outras ações)/Estes dados são recolhidos, partilhados ou ambos?/Recolhidos"
PSL_DATA_USAGE_RESPONSES:PSL_OTHER_APP_ACTIVITY:PSL_DATA_USAGE_COLLECTION_AND_SHARING,PSL_DATA_USAGE_ONLY_SHARED,,MULTIPLE_CHOICE,"Utilização e tratamento de dados (Outras ações)/Estes dados são recolhidos, partilhados ou ambos?/Partilhado"
PSL_DATA_USAGE_RESPONSES:PSL_OTHER_APP_ACTIVITY:PSL_DATA_USAGE_EPHEMERAL,,,MAYBE_REQUIRED,Utilização e tratamento de dados (Outras ações)/Estes dados são tratados efemeramente?
PSL_DATA_USAGE_RESPONSES:PSL_OTHER_APP_ACTIVITY:DATA_USAGE_USER_CONTROL,PSL_DATA_USAGE_USER_CONTROL_OPTIONAL,,SINGLE_CHOICE,Utilização e tratamento de dados (Outras ações)/Estes dados são necessários para a sua app ou os utilizadores podem escolher se são recolhidos?/Os utilizadores podem escolher se estes dados são recolhidos
PSL_DATA_USAGE_RESPONSES:PSL_OTHER_APP_ACTIVITY:DATA_USAGE_USER_CONTROL,PSL_DATA_USAGE_USER_CONTROL_REQUIRED,,SINGLE_CHOICE,Utilização e tratamento de dados (Outras ações)/Estes dados são necessários para a sua app ou os utilizadores podem escolher se são recolhidos?/A recolha de dados é necessária (os utilizadores não podem desativar esta recolha de dados)
PSL_DATA_USAGE_RESPONSES:PSL_OTHER_APP_ACTIVITY:DATA_USAGE_COLLECTION_PURPOSE,PSL_APP_FUNCTIONALITY,,MULTIPLE_CHOICE,Utilização e tratamento de dados (Outras ações)/Por que motivo estes dados do utilizador são recolhidos? Selecione todas as opções aplicáveis./Funcionalidade da app
PSL_DATA_USAGE_RESPONSES:PSL_OTHER_APP_ACTIVITY:DATA_USAGE_COLLECTION_PURPOSE,PSL_ANALYTICS,,MULTIPLE_CHOICE,Utilização e tratamento de dados (Outras ações)/Por que motivo estes dados do utilizador são recolhidos? Selecione todas as opções aplicáveis./Análise
PSL_DATA_USAGE_RESPONSES:PSL_OTHER_APP_ACTIVITY:DATA_USAGE_COLLECTION_PURPOSE,PSL_DEVELOPER_COMMUNICATIONS,,MULTIPLE_CHOICE,Utilização e tratamento de dados (Outras ações)/Por que motivo estes dados do utilizador são recolhidos? Selecione todas as opções aplicáveis./Comunicações do programador
PSL_DATA_USAGE_RESPONSES:PSL_OTHER_APP_ACTIVITY:DATA_USAGE_COLLECTION_PURPOSE,PSL_FRAUD_PREVENTION_SECURITY,,MULTIPLE_CHOICE,"Utilização e tratamento de dados (Outras ações)/Por que motivo estes dados do utilizador são recolhidos? Selecione todas as opções aplicáveis./Prevenção de fraudes, segurança e conformidade"
PSL_DATA_USAGE_RESPONSES:PSL_OTHER_APP_ACTIVITY:DATA_USAGE_COLLECTION_PURPOSE,PSL_ADVERTISING,,MULTIPLE_CHOICE,Utilização e tratamento de dados (Outras ações)/Por que motivo estes dados do utilizador são recolhidos? Selecione todas as opções aplicáveis./Publicidade ou marketing
PSL_DATA_USAGE_RESPONSES:PSL_OTHER_APP_ACTIVITY:DATA_USAGE_COLLECTION_PURPOSE,PSL_PERSONALIZATION,,MULTIPLE_CHOICE,Utilização e tratamento de dados (Outras ações)/Por que motivo estes dados do utilizador são recolhidos? Selecione todas as opções aplicáveis./Personalização
PSL_DATA_USAGE_RESPONSES:PSL_OTHER_APP_ACTIVITY:DATA_USAGE_COLLECTION_PURPOSE,PSL_ACCOUNT_MANAGEMENT,,MULTIPLE_CHOICE,Utilização e tratamento de dados (Outras ações)/Por que motivo estes dados do utilizador são recolhidos? Selecione todas as opções aplicáveis./Gestão da conta
PSL_DATA_USAGE_RESPONSES:PSL_OTHER_APP_ACTIVITY:DATA_USAGE_SHARING_PURPOSE,PSL_APP_FUNCTIONALITY,,MULTIPLE_CHOICE,Utilização e tratamento de dados (Outras ações)/Por que motivo estes dados do utilizador são partilhados? Selecione todas as opções aplicáveis./Funcionalidade da app
PSL_DATA_USAGE_RESPONSES:PSL_OTHER_APP_ACTIVITY:DATA_USAGE_SHARING_PURPOSE,PSL_ANALYTICS,,MULTIPLE_CHOICE,Utilização e tratamento de dados (Outras ações)/Por que motivo estes dados do utilizador são partilhados? Selecione todas as opções aplicáveis./Análise
PSL_DATA_USAGE_RESPONSES:PSL_OTHER_APP_ACTIVITY:DATA_USAGE_SHARING_PURPOSE,PSL_DEVELOPER_COMMUNICATIONS,,MULTIPLE_CHOICE,Utilização e tratamento de dados (Outras ações)/Por que motivo estes dados do utilizador são partilhados? Selecione todas as opções aplicáveis./Comunicações do programador
PSL_DATA_USAGE_RESPONSES:PSL_OTHER_APP_ACTIVITY:DATA_USAGE_SHARING_PURPOSE,PSL_FRAUD_PREVENTION_SECURITY,,MULTIPLE_CHOICE,"Utilização e tratamento de dados (Outras ações)/Por que motivo estes dados do utilizador são partilhados? Selecione todas as opções aplicáveis./Prevenção de fraudes, segurança e conformidade"
PSL_DATA_USAGE_RESPONSES:PSL_OTHER_APP_ACTIVITY:DATA_USAGE_SHARING_PURPOSE,PSL_ADVERTISING,,MULTIPLE_CHOICE,Utilização e tratamento de dados (Outras ações)/Por que motivo estes dados do utilizador são partilhados? Selecione todas as opções aplicáveis./Publicidade ou marketing
PSL_DATA_USAGE_RESPONSES:PSL_OTHER_APP_ACTIVITY:DATA_USAGE_SHARING_PURPOSE,PSL_PERSONALIZATION,,MULTIPLE_CHOICE,Utilização e tratamento de dados (Outras ações)/Por que motivo estes dados do utilizador são partilhados? Selecione todas as opções aplicáveis./Personalização
PSL_DATA_USAGE_RESPONSES:PSL_OTHER_APP_ACTIVITY:DATA_USAGE_SHARING_PURPOSE,PSL_ACCOUNT_MANAGEMENT,,MULTIPLE_CHOICE,Utilização e tratamento de dados (Outras ações)/Por que motivo estes dados do utilizador são partilhados? Selecione todas as opções aplicáveis./Gestão da conta
PSL_DATA_USAGE_RESPONSES:PSL_DEVICE_ID:PSL_DATA_USAGE_COLLECTION_AND_SHARING,PSL_DATA_USAGE_ONLY_COLLECTED,,MULTIPLE_CHOICE,"Utilização e tratamento de dados (Dispositivo ou outros IDs)/Estes dados são recolhidos, partilhados ou ambos?/Recolhidos"
PSL_DATA_USAGE_RESPONSES:PSL_DEVICE_ID:PSL_DATA_USAGE_COLLECTION_AND_SHARING,PSL_DATA_USAGE_ONLY_SHARED,,MULTIPLE_CHOICE,"Utilização e tratamento de dados (Dispositivo ou outros IDs)/Estes dados são recolhidos, partilhados ou ambos?/Partilhado"
PSL_DATA_USAGE_RESPONSES:PSL_DEVICE_ID:PSL_DATA_USAGE_EPHEMERAL,,,MAYBE_REQUIRED,Utilização e tratamento de dados (Dispositivo ou outros IDs)/Estes dados são tratados efemeramente?
PSL_DATA_USAGE_RESPONSES:PSL_DEVICE_ID:DATA_USAGE_USER_CONTROL,PSL_DATA_USAGE_USER_CONTROL_OPTIONAL,,SINGLE_CHOICE,Utilização e tratamento de dados (Dispositivo ou outros IDs)/Estes dados são necessários para a sua app ou os utilizadores podem escolher se são recolhidos?/Os utilizadores podem escolher se estes dados são recolhidos
PSL_DATA_USAGE_RESPONSES:PSL_DEVICE_ID:DATA_USAGE_USER_CONTROL,PSL_DATA_USAGE_USER_CONTROL_REQUIRED,,SINGLE_CHOICE,Utilização e tratamento de dados (Dispositivo ou outros IDs)/Estes dados são necessários para a sua app ou os utilizadores podem escolher se são recolhidos?/A recolha de dados é necessária (os utilizadores não podem desativar esta recolha de dados)
PSL_DATA_USAGE_RESPONSES:PSL_DEVICE_ID:DATA_USAGE_COLLECTION_PURPOSE,PSL_APP_FUNCTIONALITY,,MULTIPLE_CHOICE,Utilização e tratamento de dados (Dispositivo ou outros IDs)/Por que motivo estes dados do utilizador são recolhidos? Selecione todas as opções aplicáveis./Funcionalidade da app
PSL_DATA_USAGE_RESPONSES:PSL_DEVICE_ID:DATA_USAGE_COLLECTION_PURPOSE,PSL_ANALYTICS,,MULTIPLE_CHOICE,Utilização e tratamento de dados (Dispositivo ou outros IDs)/Por que motivo estes dados do utilizador são recolhidos? Selecione todas as opções aplicáveis./Análise
PSL_DATA_USAGE_RESPONSES:PSL_DEVICE_ID:DATA_USAGE_COLLECTION_PURPOSE,PSL_DEVELOPER_COMMUNICATIONS,,MULTIPLE_CHOICE,Utilização e tratamento de dados (Dispositivo ou outros IDs)/Por que motivo estes dados do utilizador são recolhidos? Selecione todas as opções aplicáveis./Comunicações do programador
PSL_DATA_USAGE_RESPONSES:PSL_DEVICE_ID:DATA_USAGE_COLLECTION_PURPOSE,PSL_FRAUD_PREVENTION_SECURITY,,MULTIPLE_CHOICE,"Utilização e tratamento de dados (Dispositivo ou outros IDs)/Por que motivo estes dados do utilizador são recolhidos? Selecione todas as opções aplicáveis./Prevenção de fraudes, segurança e conformidade"
PSL_DATA_USAGE_RESPONSES:PSL_DEVICE_ID:DATA_USAGE_COLLECTION_PURPOSE,PSL_ADVERTISING,,MULTIPLE_CHOICE,Utilização e tratamento de dados (Dispositivo ou outros IDs)/Por que motivo estes dados do utilizador são recolhidos? Selecione todas as opções aplicáveis./Publicidade ou marketing
PSL_DATA_USAGE_RESPONSES:PSL_DEVICE_ID:DATA_USAGE_COLLECTION_PURPOSE,PSL_PERSONALIZATION,,MULTIPLE_CHOICE,Utilização e tratamento de dados (Dispositivo ou outros IDs)/Por que motivo estes dados do utilizador são recolhidos? Selecione todas as opções aplicáveis./Personalização
PSL_DATA_USAGE_RESPONSES:PSL_DEVICE_ID:DATA_USAGE_COLLECTION_PURPOSE,PSL_ACCOUNT_MANAGEMENT,,MULTIPLE_CHOICE,Utilização e tratamento de dados (Dispositivo ou outros IDs)/Por que motivo estes dados do utilizador são recolhidos? Selecione todas as opções aplicáveis./Gestão da conta
PSL_DATA_USAGE_RESPONSES:PSL_DEVICE_ID:DATA_USAGE_SHARING_PURPOSE,PSL_APP_FUNCTIONALITY,,MULTIPLE_CHOICE,Utilização e tratamento de dados (Dispositivo ou outros IDs)/Por que motivo estes dados do utilizador são partilhados? Selecione todas as opções aplicáveis./Funcionalidade da app
PSL_DATA_USAGE_RESPONSES:PSL_DEVICE_ID:DATA_USAGE_SHARING_PURPOSE,PSL_ANALYTICS,,MULTIPLE_CHOICE,Utilização e tratamento de dados (Dispositivo ou outros IDs)/Por que motivo estes dados do utilizador são partilhados? Selecione todas as opções aplicáveis./Análise
PSL_DATA_USAGE_RESPONSES:PSL_DEVICE_ID:DATA_USAGE_SHARING_PURPOSE,PSL_DEVELOPER_COMMUNICATIONS,,MULTIPLE_CHOICE,Utilização e tratamento de dados (Dispositivo ou outros IDs)/Por que motivo estes dados do utilizador são partilhados? Selecione todas as opções aplicáveis./Comunicações do programador
PSL_DATA_USAGE_RESPONSES:PSL_DEVICE_ID:DATA_USAGE_SHARING_PURPOSE,PSL_FRAUD_PREVENTION_SECURITY,,MULTIPLE_CHOICE,"Utilização e tratamento de dados (Dispositivo ou outros IDs)/Por que motivo estes dados do utilizador são partilhados? Selecione todas as opções aplicáveis./Prevenção de fraudes, segurança e conformidade"
PSL_DATA_USAGE_RESPONSES:PSL_DEVICE_ID:DATA_USAGE_SHARING_PURPOSE,PSL_ADVERTISING,,MULTIPLE_CHOICE,Utilização e tratamento de dados (Dispositivo ou outros IDs)/Por que motivo estes dados do utilizador são partilhados? Selecione todas as opções aplicáveis./Publicidade ou marketing
PSL_DATA_USAGE_RESPONSES:PSL_DEVICE_ID:DATA_USAGE_SHARING_PURPOSE,PSL_PERSONALIZATION,,MULTIPLE_CHOICE,Utilização e tratamento de dados (Dispositivo ou outros IDs)/Por que motivo estes dados do utilizador são partilhados? Selecione todas as opções aplicáveis./Personalização
PSL_DATA_USAGE_RESPONSES:PSL_DEVICE_ID:DATA_USAGE_SHARING_PURPOSE,PSL_ACCOUNT_MANAGEMENT,,MULTIPLE_CHOICE,Utilização e tratamento de dados (Dispositivo ou outros IDs)/Por que motivo estes dados do utilizador são partilhados? Selecione todas as opções aplicáveis./Gestão da conta